WKT;id;zona;tipologia;n_posti;fumetto;anno;nr_moduli;tot_bici;foto;codice_via;civico;barra;edificio;Tipo_generale;categoria
"LINESTRING (664892.638571259 5103212.11818873,664893.65805658 5103213.07395622)";"99";S. GIUSEPPE_S. CHIARA;Metallo 4 posti;"4";;"2023";"2";"8";99.JPG;"300";"24";;;Rastr_tradizionale;
"LINESTRING (663893.773436724 5103303.12837778,663894.285824936 5103299.69537676)";"52";S. GIUSEPPE_S.CHIARA;Verona 90;"6";VIA CARD. C. MADRUZZO - nr. posti 6;"2022";"1";"6";52.jpg;"1600";"6";;;Rastr_bloccatelaio;
"LINESTRING (664040.035942468 5104099.00833899,664044.322192472 5104099.96083899)";"55";CENTRO STORICO_PIEDICASTELLO;Verona 90;"6";PIAZZA DANTE - nr. posti 12;"2022";"2";"12";55.jpg;"880";"32";;BIBLIOTECA GIOVANILE;Rastr_bloccatelaio;
"LINESTRING (664199.1883997 5103456.23658201,664200.443750819 5103448.52513942)";"45";S. GIUSEPPE_S.CHIARA;Con gancio 5 posti;"5";PIAZZA DI FIERA - nr. posti 15;"2022";"3";"15";45.jpg;"1130";"17";;UFFICI COMUNALI;Rastr_bloccatelaio;
"LINESTRING (663884.499210088 5103228.72960941,663885.062837121 5103224.98917546)";"53";S. GIUSEPPE_S.CHIARA;Archetto;"2";VIA G. GIUSTI - nr. posti 5;"2022";"5";"10";53.jpg;"1350";;;;Rastr_bloccatelaio;
"LINESTRING (665089.956769275 5102063.19009074,665091.533785631 5102063.15823182)";"201";OLTREFERSINA;Arco;"6";;"2023";"1";"6";201.JPG;"4089";;;;Rastr_tradizionale;
"LINESTRING (663895.635025969 5103873.43628238,663900.052795699 5103874.28585348)";"337";CENTRO STORICO-PIEDICASTELLO;4 posti doppia;"8";;"2023";"3";"24";337.JPG;"2990";"7";;;Rastr_tradizionale;
"LINESTRING (663450.487464053 5104029.01093374,663450.303618801 5104029.6360076)";"211";CENTRO STORICO_PIEDICASTELLO;Verona 90;"6";;"2022";"1";"6";211.jpg;"2230";;;;Rastr_bloccatelaio;
"LINESTRING (664367.941093113 5103807.57484493,664370.90442645 5103805.61692826)";"19";ZTL;4 posti con gancio;"4";;"2022";"1";"4";19.jpg;"1200";"6";;;Rastr_bloccatelaio;
"LINESTRING (664221.278892592 5103773.65593704,664228.654033333 5103775.78338149)";"27";ZTL;Archetto Lodron;"10";PIAZZA LODRON - nr. posti 10;"2022";"1";"10";27.jpg;"1550";"19";;;Rastr_bloccatelaio;
"LINESTRING (663896.772699999 5103632.2517963,663920.316418517 5103636.22302593)";"35";ZTL;Metallo 4 posti;"4";VIA G. VERDI - nr. posti 52;"2022";"13";"52";35.jpg;"3440";"26";;FACOLTA' SOCIOLOGIA;Rastr_tradizionale;SCUOLA
"LINESTRING (663944.285625925 5103640.76157408,663959.177737036 5103643.31450741)";"36";ZTL;Metallo 4 posti;"4";VIA G. VERDI - nr. posti 36;"2022";"9";"36";36.jpg;"3440";"26";;FACOLTA' SOCIOLOGIA;Rastr_tradizionale;SCUOLA
"LINESTRING (663617.635129306 5102853.71347326,663611.479560544 5102853.0606099)";"162";S. GIUSEPPE_S. CHIARA;Con gancio 7 posti;"7";;"2022";"2";"14";162.jpg;"3842";"3";;BUC;Rastr_bloccatelaio;
"LINESTRING (663601.873142628 5102852.59427894,663594.41184716 5102851.47508461)";"163";S. GIUSEPPE_S. CHIARA;Con gancio 5 posti;"5";;"2022";"2";"10";163.jpg;"3842";"3";;BUC;Rastr_bloccatelaio;
"LINESTRING (664198.445436793 5103459.00347835,664197.728093296 5103464.48603222)";"44";S. GIUSEPPE_S.CHIARA;Con gancio 5 posti;"5";PIAZZA DI FIERA - nr. posti 5;"2022";"1";"5";44.JPG;"1130";"17";;UFFICI COMUNALI;Rastr_bloccatelaio;
"LINESTRING (664095.61784074 5103738.19852963,664098.170774074 5103724.1573963)";"28";ZTL;Metallo 4 posti;"4";PIAZZA DUOMO - nr. posti 20;"2022";"5";"20";28.jpg;"1040";"18";;;Rastr_tradizionale;
"LINESTRING (663947.334962962 5103740.11322963,663951.87351111 5103740.32597408)";"38";ZTL;Metallo 4 posti;"4";PIAZZA S. TERESA VERZERI - nr. posti 8;"2022";"2";"8";38.jpg;"3710";"4";;;Rastr_tradizionale;
"LINESTRING (663967.545685184 5103691.53658149,663972.367892592 5103691.96207037)";"37";ZTL;Metallo 4 posti;"4";VIA DON A. RIZZI - nr. posti 8;"2022";"2";"8";37.jpg;"2590";"6";;;Rastr_tradizionale;
"LINESTRING (663977.243428374 5104019.14644147,663981.847065914 5104020.20881936)";"2";ZTL;Metallo 4 posti;"4";VIA TORRE VANGA - nr. posti 8;"2022";"2";"8";2.jpg;"3300";"24";;BIBLIOTECA;Rastr_tradizionale;
"LINESTRING (663939.492371986 5103887.42065989,663939.902282556 5103885.67853997)";"40";ZTL;Metallo 4 posti;"4";PIAZZA S. MARIA MAGGIORE - nr. posti 4;"2022";"1";"4";40.jpg;"2990";"4";;;Rastr_tradizionale;
"LINESTRING (664265.088364201 5103450.95237691,664266.72800648 5103450.87551868)";"46";S. GIUSEPPE_S.CHIARA;Metallo 4 posti;"4";PIAZZA DI FIERA - nr. posti 4;"2022";"1";"4";46.jpg;"1130";"6";;;Rastr_tradizionale;
"LINESTRING (664281.817839321 5103449.82512285,664283.739295115 5103449.67140638)";"47";S. GIUSEPPE_S.CHIARA;Metallo 4 posti;"4";PIAZZA DI FIERA - nr. posti 4;"2022";"1";"4";47.jpg;"1130";"5";;;Rastr_tradizionale;
"LINESTRING (664292.96228293 5103448.81315613,664295.088694009 5103448.65943967)";"48";S. GIUSEPPE_S.CHIARA;Metallo 4 posti;"4";PIAZZA DI FIERA - nr. posti 4;"2022";"1";"4";48.jpg;"1130";"3";;;Rastr_tradizionale;
"LINESTRING (664347.690611015 5104278.7540382,664348.087486016 5104282.12747571)";"80";CENTRO STORICO_PIEDICASTELLO;Verona 90;"6";VIA SAN MARTINO - nr. posti 18;"2022";"3";"18";80.jpg;"2820";"86";;"SCUOLA PRIMARIA ""R. SANZIO""";Rastr_bloccatelaio;SCUOLA
"LINESTRING (665000.081705704 5101719.98502549,665000.478693568 5101723.35942233)";"446";OLTREFERSINA;Bronzetti 5 posti;"5";;"2024";"1";"5";446.JPG;"2080";"22";;"SCUOLA PRIMARIA ""O. WINKLER""";Rastr_tradizionale;SCUOLA
"LINESTRING (665032.690367252 5101566.50958585,665036.067412378 5101563.25997639)";"212";OLTREFERSINA;Androna;"4";;"2023";"3";"12";212.JPG;"3720";"160";;;Rastr_tradizionale;
"LINESTRING (665086.30892336 5101624.39723674,665088.156740505 5101623.25031576)";"226";OLTREFERSINA;Androna;"4";;"2023";"4";"16";226.JPG;"3720";"150";;;Rastr_tradizionale;
"LINESTRING (663417.061004584 5102584.77895834,663417.082243862 5102583.64265699)";"172";S. GIUSEPPE_S. CHIARA;Archetto;"2";;"2023";"5";"10";172.JPG;"1930";"1";;"PIAZZALE ""MONTE BALDO""";Rastr_tradizionale;
"LINESTRING (664879.41070709 5103508.92458331,664883.577866217 5103506.57136404)";"137";S. GIUSEPPE_S. CHIARA;Verona 90;"6";;"2022";"2";"12";137.jpg;"1920";"36";;"OSPEDALE ""S. CAMILLO""";Rastr_bloccatelaio;
"LINESTRING (663411.783044113 5102584.82807417,663413.779536203 5102585.04046695)";"171";S. GIUSEPPE_S. CHIARA;Archetto;"2";;"2023";"5";"10";171.JPG;"1930";"1";;"PIAZZALE ""MONTE BALDO""";Rastr_bloccatelaio;
"LINESTRING (663424.707144493 5102586.92412537,663426.576200915 5102586.7966897)";"173";S. GIUSEPPE_S. CHIARA;Archetto;"2";;"2023";"5";"10";173.JPG;"1930";"1";;"PIAZZALE ""MONTE BALDO""";Rastr_bloccatelaio;
"LINESTRING (664214.329240741 5103938.1073926,664214.754729629 5103933.21427037)";"10";ZTL;Verona 90;"6";PIAZZA C. BATTISTI - nr. posti 6;"2022";"1";"6";10.jpg;"230";"1";;;Rastr_bloccatelaio;
"LINESTRING (665280.266005703 5103706.34555707,665278.991649052 5103705.74023766)";"338";OLTREFERSINA;Metallo 4 posti;"4";;"2023";"1";"4";338.JPG;"1690";;;;Rastr_tradizionale;
"LINESTRING (665277.048255158 5103704.21100968,665276.315500084 5103703.2871011)";"340";OLTREFERSINA;Metallo 5 posti;"5";;"2023";"1";"5";340.JPG;"1690";;;;Rastr_tradizionale;
"LINESTRING (665276.283641168 5103703.2871011,665274.72255427 5103700.26050406)";"341";OLTREFERSINA;Metallo 4 posti;"4";;"2023";"3";"12";341.JPG;"1690";;;;Rastr_tradizionale;
"LINESTRING (663573.344918423 5102835.11570288,663573.854661084 5102830.91032593)";"125";S. GIUSEPPE_S. CHIARA;Arco;"10";;"2023";"1";"10";125.JPG;"3842";"7";;;Rastr_tradizionale;
"LINESTRING (663575.766196061 5102818.10304158,663576.148503057 5102814.21625379)";"155";S. GIUSEPPE_S. CHIARA;Arco;"10";;"2023";"1";"10";155.JPG;"3842";"7";;;Rastr_tradizionale;
"LINESTRING (663576.626386801 5102808.83209694,663577.008693796 5102806.06037122)";"159";S. GIUSEPPE_S. CHIARA;Arco;"10";;"2023";"1";"10";159.JPG;"3842";"7";;;Rastr_tradizionale;
"LINESTRING (663577.741448871 5102801.28153378,663577.996320201 5102799.11512747)";"122";S. GIUSEPPE_S. CHIARA;Con gancio 5 posti;"5";;"2023";"1";"5";122.JPG;"3842";"7";;;Rastr_tradizionale;
"LINESTRING (663100.009832731 5107947.81821293,663101.995361452 5107946.86221762)";"223";GARDOLO;Androna;"5";;"2022";"1";"5";223.jpg;"5400";;;;Rastr_tradizionale;
"LINESTRING (664058.386937185 5103939.82629487,664069.460536052 5103939.82629487)";"6";ZTL;Verona 90;"6";VIA R. BELENZANI - nr. posti 12;"2022";"2";"12";6.jpg;"240";"3";;UFFICI COMUNALI PALAZZO THUN;Rastr_bloccatelaio;
"LINESTRING (664292.477441488 5103932.60700735,664294.490137932 5103932.97295215)";"17";ZTL;Metallo 4 posti;"4";VIA SAN PIETRO - nr. posti 4;"2022";"1";"4";17.jpg;"2860";"45";;;Rastr_tradizionale;
"LINESTRING (663125.012786999 5107813.94210044,663124.865710798 5107814.72344276)";"224";GARDOLO;Androna;"5";;"2022";"1";"5";224.jpg;"5904";;;;Rastr_tradizionale;
"LINESTRING (664066.784114484 5103981.42968748,664047.337239464 5103977.99010414)";"3";ZTL;Metallo 4 posti;"4";VIA G. MANCI - nr. posti 44;"2022";"11";"44";3.jpg;"1700";"2";;;Rastr_tradizionale;
"LINESTRING (664198.535416674 5104623.11374995,664198.535416674 5104620.83833329)";"488";CENTRO STORICO-PIEDICASTELLO;Archetto;"2";;"2024";"3";"6";488.JPG;"4056";;;;Rastr_bloccatelaio;
"LINESTRING (664460.474562963 5104078.80238519,664463.311155556 5104078.51872593)";"14";ZTL;Metallo 4 posti;"4";VIA SAN MARCO - nr. posti 4;"2022";"1";"4";14.jpg;"2800";"74";;;Rastr_tradizionale;
"LINESTRING (663397.103759916 5107961.75368303,663397.103759916 5107962.89352359)";"221";GARDOLO;Arco;"10";;"2022";"1";"10";221.jpg;"5610";"18";;CENTRO SPORTIVO TN NORD;Rastr_tradizionale;
"LINESTRING (663397.103759916 5107962.96706169,663397.103759916 5107964.10690226)";"220";GARDOLO;Arco;"10";;"2022";"1";"10";220.jpg;"5610";"18";;CENTRO SPORTIVO TN NORD;Rastr_tradizionale;
"LINESTRING (665278.896072303 5103705.77209658,665277.175690824 5103704.30658643)";"339";OLTREFRSINA;Metallo 3 posti;"3";;"2023";"2";"6";339.JPG;"1690";;;;Rastr_tradizionale;
"LINESTRING (663124.847326272 5107814.8613267,663124.700250071 5107815.64266902)";"225";GARDOLO;Androna;"5";;"2022";"1";"5";225.jpg;"5904";;;;Rastr_tradizionale;
"LINESTRING (663116.663914496 5104542.83638766,663118.183701913 5104542.78736226)";"202";CENTRO STORICO_PIEDICASTELLO;4 posti doppia;"8";;"2022";"1";"8";202.jpg;"1010";;;"PIAZZALE ""ZUFFO""";Rastr_tradizionale;
"LINESTRING (663520.346831358 5102953.98628939,663520.346831358 5102953.32176776)";"167";S. GIUSEPPE_S. CHIARA;Con gancio 5 posti;"5";;"2022";"1";"5";167.jpg;"4067";;;;Rastr_bloccatelaio;
"LINESTRING (663474.697460527 5102834.31186435,663476.781040091 5102834.48345326)";"170";S. GIUSEPPE_S. CHIARA;Con gancio doppia;"5";;"2022";"1";"5";170.jpg;"3844";"1";;;Rastr_bloccatelaio;
"LINESTRING (663850.748985185 5103966.96972222,663848.76337037 5103977.03962593)";"41";ZTL;Metallo 4 posti;"4";PIAZZA DELLA PORTELLA - nr. posti 12;"2022";"3";"12";41.jpg;"2480";"86";;;Rastr_tradizionale;
"LINESTRING (664002.159635253 5103970.42054033,664015.587239432 5103973.15732419)";"1";ZTL;Metallo 4 posti;"4";VIA ROMA - nr. posti 36;"2022";"9";"36";1.jpg;"2640";"78";;BIBLIOTECA;Rastr_tradizionale;
"LINESTRING (664085.776236899 5103985.00156248,664072.191536364 5103982.35572914)";"4";ZTL;Metallo 4 posti;"4";VIA G. MANCI - nr. posti 32;"2022";"8";"32";4.jpg;"1700";"2";;;Rastr_tradizionale;
"LINESTRING (664231.916114815 5103962.99849259,664227.022992592 5103962.85666296)";"9";ZTL;Metallo 4 posti;"4";PIAZZA C. BATTISTI - nr. posti 8;"2022";"2";"8";9.jpg;"230";"8";;;Rastr_tradizionale;
"LINESTRING (663491.610868692 5102566.44946183,663493.267532339 5102566.66185461)";"174";S. GIUSEPPE_S. CHIARA;Archetto;"2";;"2023";"5";"10";174.JPG;"1930";"1";;"PIAZZALE ""MONTE BALDO""";Rastr_bloccatelaio;
"LINESTRING (663959.106822222 5103864.07232593,663962.227074073 5103864.85238889,663963.154450662 5103865.14099242,663963.154450662 5103865.14099242)";"39";ZTL;Metallo 4 posti;"4";VICOLO COLICO - nr. posti 8;"2022";"2";"8";39.jpg;"820";"2";;;Rastr_tradizionale;
"LINESTRING (664123.430546623 5103496.19920527,664119.362577869 5103496.99295527)";"34";ZTL;Metallo 4 posti;"4";VIA AL TORRIONE - nr. posti 12;"2022";"3";"12";34.jpg;"3320";"6";;;Rastr_tradizionale;
"LINESTRING (664411.756085186 5103909.45780741,664412.819807408 5103906.5503)";"15";ZTL;Metallo 4 posti;"4";VIA S. MARIA MADDALENA - nr. posti 4;"2022";"1";"4";15.jpg;"2970";"16";;"LICEO MUSICALE E COREUTICO ""F.A. BONPORTI""";Rastr_tradizionale;SCUOLA
"LINESTRING (664413.245296297 5103905.41566297,664415.089081482 5103900.3097963)";"16";ZTL;Metallo 4 posti;"4";VIA S. MARIA MADDALENA - nr. posti 12;"2022";"3";"12";16.jpg;"2970";"16";;"LICEO MUSICALE E COREUTICO ""F.A. BONPORTI""";Rastr_tradizionale;SCUOLA
"LINESTRING (664322.113802083 5103438.42203129,664322.16671875 5103439.07026046)";"282";S. GIUSEPPE_S. CHIARA;Bronzetti 5 posti;"5";;"2022";"1";"5";282.jpg;"2290";"1";;"CONSERVATORIO MUSICA ""F.A. BONPORTI""";Rastr_tradizionale;SCUOLA
"LINESTRING (663970.587141422 5105991.93846592,663972.7890117 5105992.48893349)";"330";CENTRO STORICO_PIEDICASTELLO;Bronzetti 5 posti;"5";;"2022";"1";"5";330.jpg;"3150";"24";;"ASILO NIDO ""LA TROTTOLA""";Rastr_tradizionale;SCUOLA
"LINESTRING (664918.467916624 5101100.18083338,664921.537083294 5101100.65708338)";"445";OLTREFERSINA;Salè;"9";;"2023";"1";"9";445.JPG;"4087";;;PARCO;Rastr_tradizionale;
"LINESTRING (663972.395820579 5105983.99600528,663975.148158426 5105984.7037493)";"331";CENTRO STORICO_PIEDICASTELLO;Bronzetti 5 posti;"5";;"2022";"1";"5";331.jpg;"3150";"26";;"SCUOLA INFANZIA ""IL QUADRIFOGLIO""";Rastr_tradizionale;SCUOLA
"LINESTRING (664111.710195545 5103467.1955403,664111.817938485 5103463.74776621)";"441";CENTRO STORICO-PIEDICASTELLO;Bronzetti 5 posti;"5";;"2023";"3";"15";441.jpg;"3320";"4";;"SCUOLA SECONDARIA ""G. BRESADOLA""";Rastr_tradizionale;SCUOLA
"LINESTRING (663618.664226842 5106978.70228442,663623.124475122 5106978.57484876)";"342";GARDOLO;Archetto;"2";;"2023";"5";"10";342.JPG;"5903";;;;Rastr_bloccatelaio;
"LINESTRING (664364.416354152 5104039.39375007,664364.94552082 5104037.27708341)";"13";ZTL;Verona 90;"6";P.TTA DEGLI AGOSTINIANI - nr. posti 6;"2022";"1";"6";13.jpg;"80";"1";;;Rastr_bloccatelaio;
"LINESTRING (664061.303957076 5103947.7437514,664064.214373745 5103947.7437514)";"5";ZTL;Verona 90;"6";VIA R. BELENZANI - nr. posti 6;"2022";"1";"6";5.jpg;"240";"3";;UFFICI COMUNALI PALAZZO THUN;Rastr_bloccatelaio;
"LINESTRING (663792.104167099 5107057.83983248,663796.564415379 5107054.52650518)";"343";GARDOLO;Archetto;"2";;"2023";"5";"10";343.JPG;"5903";;;;Rastr_bloccatelaio;
"LINESTRING (664253.453133829 5103840.43973573,664254.72749048 5103841.87338697)";"344";CENTRO STORICO_PIEDICASTELLO;Metallo 4 posti;"4";;"2023";"2";"8";344.JPG;"610";"1";;;Rastr_tradizionale;
"LINESTRING (664267.093164675 5103844.23435435,664267.912667148 5103844.35497486)";"345";CENTRO STORICO_PIEDICASTELLO;Metallo 4 posti;"4";;"2023";"1";"4";345.JPG;"610";"7";;;Rastr_tradizionale;
"LINESTRING (664214.788889519 5103932.1966367,664219.493653239 5103932.70723121)";"11";ZTL;Verona 90;"6";PIAZZA C. BATTISTI - nr. posti 6;"2022";"1";"6";11.jpg;"230";"1";;;Rastr_bloccatelaio;
"LINESTRING (663492.558671456 5110275.805425,663492.686107121 5110274.02132569)";"346";MEANO;Bronzetti 5 posti;"5";;"2023";"1";"5";346.JPG;"8534";"26";;;Rastr_tradizionale;
"LINESTRING (664825.408293173 5110975.93696929,664825.726882336 5110974.08915215)";"349";MEANO;Rotonda 6 posti;"6";;"2023";"1";"6";349.JPG;"8546";;;;Rastr_tradizionale;
"LINESTRING (664272.433333789 5104190.9033308,664273.491667123 5104192.59666413)";"192";CENTRO STORICO_PIEDICASTELLO;Verona 45;"6";;"2023";"1";"6";192.jpg;"3310";;;;Rastr_bloccatelaio;
"LINESTRING (664293.017498074 5103846.61561877,664298.834938455 5103846.22468974)";"18";ZTL;Metallo 4 posti;"4";LARGO G. CARDUCCI - nr. posti 16;"2022";"4";"16";18.jpg;"610";"21";;;Rastr_tradizionale;
"LINESTRING (659268.205187478 5104001.22622146,659269.605845704 5104001.37436801)";"352";BONDONE;Metallo 4 posti;"4";;"2023";"1";"4";352.jpg;"8027";"8";;;Rastr_tradizionale;
"LINESTRING (664161.905463888 5103486.50412315,664150.417263888 5103488.91522686)";"33";ZTL;Metallo 4 posti;"4";VIA AL TORRIONE - nr. posti 28;"2022";"7";"28";33.jpg;"3320";"10";;"INFANZIA ""TORRIONE""";Rastr_tradizionale;SCUOLA
"LINESTRING (664321.9484375 5103436.93375004,664322.001354167 5103437.60843754)";"281";S. GIUSEPPE_s. CHIARA;Rotonda 8 posti;"8";;"2022";"1";"8";281.jpg;"2290";"1";;"CONSERVATORIO MUSICA ""F.A. BONPORTI""";Rastr_tradizionale;SCUOLA
"LINESTRING (664322.299010417 5103439.77140629,664322.32546875 5103440.45932296)";"283";S. GIUSEPPE_S. CHIARA;Rotonda 8 posti;"8";;"2022";"1";"8";283.jpg;"2290";"1";;"CONSERVATORIO MUSICA ""F.A. BONPORTI""";Rastr_tradizionale;SCUOLA
"LINESTRING (663775.115399991 5110514.2694134,663776.899499303 5110513.69595291)";"348";MEANO;A pavimento 6 posti;"6";;"2023";"1";"6";348.JPG;"8419";"9";;;Rastr_tradizionale;
"LINESTRING (664281.2334523 5103571.87269485,664280.666133781 5103574.9929467)";"30";ZTL;Metallo 4 posti;"4";PIAZZA G.B. GARZETTI - nr. posti 8;"2022";"2";"8";30.jpg;"1260";"22";;;Rastr_tradizionale;
"LINESTRING (664374.800416648 5104235.47333339,664375.488333315 5104233.03916672)";"457";CENTRO STORICO-PIEDICASTELLO;Archetto;"2";;"2024";"6";"12";457.JPG;"1990";"33";;;Rastr_bloccatelaio;
"LINESTRING (664410.711250013 5104118.82166669,664410.60541668 5104115.54083335)";"458";CENTRO STORICO-PIEDICASTELLO;Archetto;"2";;"2024";"10";"20";458.JPG;"2000";"1";;;Rastr_bloccatelaio;
"LINESTRING (664344.149865301 5103441.84467645,664362.288408003 5103437.64309311)";"49";S. GIUSEPPE_S.CHIARA;Archetto;"2";VIA SAN GIOVANNI BOSCO - nr. posti 17;"2022";"17";"34";49.jpg;"2780";"6";;"SCUOLA PRIMARIA ""F. CRISPI""";Rastr_bloccatelaio;SCUOLA
"LINESTRING (664319.021183668 5103779.36941545,664318.514048521 5103773.67299043)";"21";ZTL;Verona 90;"6";VIA DELLA ROGGIA GRANDE - nr. posti 12;"2022";"2";"12";21.jpg;"2620";"9";;;Rastr_bloccatelaio;
"LINESTRING (664377.147666149 5103434.4662862,664390.162326731 5103431.49443457)";"50";S. GIUSEPPE_S.CHIARA;Archetto;"2";VIA SAN GIOVANNI BOSCO - nr. posti 12;"2022";"12";"24";50.jpg;"2780";"8";;"SCUOLA PRIMARIA ""F. CRISPI""";Rastr_bloccatelaio;SCUOLA
"LINESTRING (664514.912872771 5102023.41564459,664513.593044981 5102023.42227676)";"313";OLTREFERSINA;Metallo 4 posti;"4";;"2022";"3";"12";313.jpg;"1050";"13";;"SCUOLA PRIMARIA ""CLARINA""";Rastr_tradizionale;SCUOLA
"LINESTRING (664597.659206463 5102042.8911641,664599.019500543 5102042.8911641)";"314";OLTREFERSINA;Metallo 4 posti;"4";;"2022";"2";"8";314.jpg;"1050";"11";;"SCUOLA INFANZIA ""PICCOLO MODNO""";Rastr_tradizionale;SCUOLA
"LINESTRING (663903.463824537 5106055.64357979,663906.138879412 5106056.17774286)";"328";CENTRO STORICO_PIEDICASTELLO;Bronzetti 5 posti;"5";;"2022";"1";"5";328.jpg;"3150";"22";;"SCUOLA PRIMARIA ""A. GORFER""";Rastr_tradizionale;SCUOLA
"LINESTRING (659307.356278466 5104078.85501006,659308.783872427 5104079.20517462)";"353";BONDONE;Metallo 5 posti;"5";;"2023";"1";"5";"353";"8039";"4";;BIBLIOTECA COMUNALE;Rastr_tradizionale;
"LINESTRING (659720.49658364 5106034.48365439,659722.543699509 5106036.26141291)";"351";BONDONE;Archetto;"2";;"2023";"7";"14";351.jpg;"8122";"7";;"SCUOLA PRIMARIA ""CADINE""";Rastr_bloccatelaio;SCUOLA
"LINESTRING (662495.764863445 5105255.38978471,662497.931269752 5105255.32606688)";"325";CENTRO STORICO_PIEDICASTELLO;Vela;"4";;"2023";"1";"4";325.JPG;"3390";"4";;;Rastr_tradizionale;
"LINESTRING (664826.045471499 5110971.47672101,664826.364060661 5110969.75633953)";"350";MEANO;Rotonda 6 posti;"6";;"2023";"1";"6";350.JPG;"8546";;;;Rastr_tradizionale;
"LINESTRING (663496.445459243 5110174.55778905,663497.687956978 5110174.71708363)";"347";MEANO;Archetto;"2";;"2023";"3";"6";347.JPG;"8534";"38";;;Rastr_bloccatelaio;
"LINESTRING (659315.841035027 5104251.01476104,659316.231603186 5104251.02822891)";"354";SOPRAMONTE;Androna;"5";;"2023";"1";"5";354.JPG;"8072";"1";;"SCUOLA PRIMARIA ""S. PERTINI""";Rastr_tradizionale;SCUOLA
"LINESTRING (663424.469438442 5110090.77188124,663424.667932374 5110088.98543586)";"453";MEANO;Canova;"6";;"2024";"1";"6";453.JPG;"8470";"40";;"SCUOLA PRIMARIA ""E. DE CARLI""";Rastr_tradizionale;SCUOLA
"LINESTRING (664320.176781728 5103546.47633166,664322.871544691 5103546.65361869)";"32";ZTL;Metallo 4 posti;"4";PIAZZA G.B. GARZETTI - nr. posti 8;"2022";"2";"8";32.jpg;"1260";"3";;;Rastr_tradizionale;
"LINESTRING (664239.929488889 5103535.0985,664243.120655555 5103535.24032963)";"29";ZTL;Androna;"5";II ANDRONA BORGONUOVO - nr. posti 10;"2022";"2";"10";29.jpg;"380";"13";;;Rastr_tradizionale;
"LINESTRING (664381.408046091 5103164.11109483,664382.839855758 5103164.6838187)";"269";S. GIUSEPPE_S. CHIARA;Archetto;"2";;"2022";"4";"8";269.jpg;"2370";"1";;COMMISSARIATO DEL GOVERNO;Rastr_bloccatelaio;
"LINESTRING (664188.073030555 5103467.0734639,664195.80274537 5103468.13718612)";"43";S. GIUSEPPE_S.CHIARA;Metallo 5 posti;"5";VIA AL TORRIONE - nr. posti 15;"2022";"3";"15";43.jpg;"3320";"14";;UFFICI COMUNALI;Rastr_tradizionale;
"LINESTRING (664066.783946265 5102162.78269055,664067.591025152 5102157.98769245)";"82";S. GIUSEPPE_S. CHIARA;Bronzetti 5 posti;"5";;"2022";"2";"10";82.jpg;"2880";"103";;"SCUOLA PRIMARIA ""D. SAVIO""";Rastr_tradizionale;SCUOLA
"LINESTRING (664254.414524774 5104007.98122195,664259.981217545 5104010.57586689)";"12";ZTL;Metallo 4 posti;"4";VIA G. MANCI - nr. posti 12;"2022";"3";"12";12.jpg;"1700";"72";;;Rastr_tradizionale;
"LINESTRING (664071.768845274 5102149.20477515,664078.035575457 5102149.91690358)";"83";S. GIUSEPPE_S. CHIARA;Archetto;"2";;"2022";"15";"30";83.jpg;"2880";"103";;"SCUOLA PRIMARIA ""D. SAVIO""";Rastr_bloccatelaio;SCUOLA
"LINESTRING (663906.21684001 5106056.22029933,663909.126454307 5106056.92804335)";"329";CENTRO STORICO_PIEDICASTELLO;Bronzetti 7 posti;"7";;"2022";"1";"7";329.jpg;"3150";"22";;"SCUOLA PRIMARIA ""A. GORFER""";Rastr_tradizionale;SCUOLA
"LINESTRING (659328.406588278 5104251.16993474,659328.770155062 5104251.12894469)";"403";SOPRAMONTE;Androna;"5";;"2023";"1";"5";403.JPG;"8072";"1";;"SCUOLA PRIMARIA ""S. PERTINI""";Rastr_tradizionale;SCUOLA
"LINESTRING (665774.087564519 5104621.34492364,665774.033693049 5104619.67490806)";"418";COGNOLA;Archetto;"2";;"2023";"4";"8";418.JPG;"7686";"2";"2";"SCUOLA PRIMARIA ""E. BERNARDI""";Rastr_bloccatelaio;SCUOLA
"LINESTRING (664244.826249843 5103736.23854161,664245.461249844 5103728.3010416)";"23";ZTL;Metallo 3 posti;"3";PIAZZA DELLE ERBE - nr. posti 18;"2022";"6";"18";23.jpg;"1070";"1";;;Rastr_tradizionale;
"LINESTRING (664076.916924094 5103952.77757287,664077.142915907 5103948.70972023)";"7";ZTL;Metallo 4 posti;"4";VIA R. BELENZANI - nr. posti 4;"2022";"1";"4";7.jpg;"240";"3";;UFFICI COMUNALI PALAZZO THUN;Rastr_tradizionale;
"LINESTRING (664225.974687325 5103702.54385408,664227.86645816 5103702.76874991)";"24";ZTL;Metallo 5 posti;"5";P.ZZA ALESSANDRO VITTORIA - nr. posti 5;"2022";"1";"5";24.jpg;"3490";"6";;;Rastr_tradizionale;
"LINESTRING (664070.469562633 5103959.02464582,664075.516713137 5103959.62729066)";"8";ZTL;Metallo 4 posti;"4";VIA R. BELENZANI - nr. posti 16;"2022";"4";"16";8.jpg;"240";"3";;UFFICI COMUNALI PALAZZO THUN;Rastr_tradizionale;
"LINESTRING (664956.224371428 5097045.95224844,664957.786644064 5097045.62901962)";"439";MATTARELLO;Bronzetti 7 posti;"5";;"2023";"1";"5";439.JPG;"7750";"1";;"SCUOLA SECONDARIA ""A. FOGAZZARO""";Rastr_tradizionale;SCUOLA
"LINESTRING (664997.032010123 5101682.15791174,664999.510097753 5101681.61919704)";"440";OLTREFERSINA;Archetto;"2";;"2023";"5";"10";440.JPG;"2080";"22";;"SCUOLA PRIMARIA ""O. WINKLER""";Rastr_bloccatelaio;SCUOLA
"LINESTRING (664324.137864586 5103440.2873438,664324.137864586 5103439.6920313)";"284";S. GIUSEPPE_S. CHIARA;Rotonda 8 posti;"8";;"2022";"1";"8";284.jpg;"2290";"1";;"CONSERVATORIO MUSICA ""F.A. BONPORTI""";Rastr_tradizionale;SCUOLA
"LINESTRING (664163.117108509 5103776.47063158,664170.08558819 5103774.88222813)";"26";ZTL;Metallo 4 posti;"4";PIAZZA LODRON - nr. posti 8;"2022";"2";"8";26.jpg;"1550";"30";;;Rastr_tradizionale;
"LINESTRING (664268.43766653 5103566.91243577,664271.665712264 5103567.27110752)";"31";ZTL;Garzetti;"12";PIAZZA G.B. GARZETTI - nr. posti 12;"2022";"1";"12";31.jpg;"1260";"16";;;Rastr_tradizionale;
"LINESTRING (665809.804349279 5104595.0017747,665811.043393094 5104594.73241735)";"419";COGNOLA;Archetto;"2";;"2023";"3";"6";419.JPG;"7686";"2";A;TEATRO COMUNALE;Rastr_bloccatelaio;
"LINESTRING (664102.95192628 5102700.15139277,664103.904315394 5102697.05612815)";"93";S. GIUSEPPE_S. CHIARA;3 posti doppia;"6";;"2022";"1";"6";93.jpg;"3510";"50";;;Rastr_tradizionale;
"LINESTRING (664050.173696182 5102684.11950934,664051.205451056 5102680.82583032)";"95";S. GIUSEPPE_S. CHIARA;3 posti doppia;"6";;"2022";"1";"6";95.jpg;"3510";"30";;;Rastr_tradizionale;
"LINESTRING (666250.728865203 5104429.5759575,666250.405636382 5104428.44465663)";"420";COGNOLA;Archetto;"2";;"2023";"4";"8";420.JPG;"7686";"79";;"PARCHEGGIO ""ORRIDO""";Rastr_bloccatelaio;
"LINESTRING (663150.775918305 5100415.46456447,663152.230448001 5100416.4881224)";"431";RAVINA;Archetto;"2";;"2023";"7";"14";431.JPG;"8780";"5";;;Rastr_bloccatelaio;
"LINESTRING (663012.272368356 5100415.30295006,663012.811083058 5100414.38713507)";"432";RAVINA;Rotonda 6 posti;"6";;"2023";"1";"6";432.JPG;"8870";"2";;CENTRO CIVICO;Rastr_tradizionale;
"LINESTRING (662992.178309962 5100401.2963678,662992.770896135 5100399.78796664)";"433";RAVINA;Rotonda 6 posti;"6";;"2023";"1";"6";433.JPG;"8870";"2";;CENTRO CIVICO;Rastr_tradizionale;
"LINESTRING (664081.205708164 5102869.73617948,664081.999365759 5102867.11710942)";"77";S. GIUSEPPE_S.CHIARA;Bronzetti 7 posti;"7";;"2022";"1";"7";77.jpg;"460";"1";;UFFICI COMUNALI;Rastr_tradizionale;
"LINESTRING (664082.118414399 5102866.6607563,664082.673974715 5102863.96232047)";"78";S. GIUSEPPE_S. CHIARA;Bronzetti 6 posti;"6";;"2022";"1";"6";78.jpg;"460";"1";;UFFICI COMUNALI;Rastr_tradizionale;
"LINESTRING (664367.736476668 5103807.71519483,664357.924356578 5103814.25147188)";"20";ZTL;Metallo 4 posti;"4";VIA G. GALILEI - nr. posti 12;"2022";"3";"12";20.jpg;"1200";"6";;;Rastr_tradizionale;
"LINESTRING (662966.750976016 5098132.53980287,662968.420991593 5098131.408502)";"436";ROMAGNANO;Metallo 4 posti;"4";;"2023";"1";"4";436.JPG;"8920";;;PARCO;Rastr_tradizionale;
"LINESTRING (662968.474863063 5098129.68461495,662967.666791009 5098128.60718555)";"437";ROMAGNANO;Metallo 4 posti;"4";;"2023";"1";"4";437.JPG;"8920";;;PARCO;Rastr_tradizionale;
"LINESTRING (664244.032499842 5103744.59937495,664244.773333176 5103736.55604161)";"22";ZTL;Metallo 4 posti;"4";PIAZZA DELLE ERBE - nr. posti 12;"2022";"3";"12";22.jpg;"1070";"1";;;Rastr_tradizionale;
"LINESTRING (664069.151111961 5103411.84434664,664072.789068265 5103412.04930192)";"51";S. GIUSEPPE_S.CHIARA;Metallo 5 posti;"5";VIA DEL TRAVAI - nr. posti 5;"2022";"1";"5";51.jpg;"3340";"36";;;Rastr_tradizionale;
"LINESTRING (664034.696909949 5104132.31955132,664036.73394301 5104121.74637972)";"56";CENTRO STORICO_PIEDICASTELLO;Metallo 4 posti;"4";PIAZZA DANTE - nr. posti 12;"2022";"3";"12";56.jpg;"880";"32";;BIBLIOTECA GIOVANILE;Rastr_tradizionale;
"LINESTRING (662994.737204797 5098080.04205514,662994.683333327 5098078.53365397)";"438";ROMAGNANO;Metallo 4 posti;"4";;"2023";"1";"4";438.JPG;"8960";"8";;;Rastr_tradizionale;
"LINESTRING (664168.704584855 5104512.66272418,664171.711633658 5104513.82674308)";"57";CENTRO STORICO_PIEDICASTELLO;Metallo 5 posti;"5";VIA C. VANNETTI - nr. posti 5;"2022";"1";"5";57.jpg;"3370";"23";;;Rastr_tradizionale;
"LINESTRING (664782.25319227 5096531.97717714,664782.953521383 5096532.24653449)";"404";MATTARELLO;Metallo 4 posti;"4";;"2023";"1";"4";404.JPG;"7785";"23";;CIMITERO MATTARELLO;Rastr_tradizionale;
"LINESTRING (664769.808882647 5096927.07053979,664771.748255575 5096926.20859627)";"405";MATTARELLO;Mattarello;"4";;"2023";"2";"8";405.jpg;"7730";"4";;CENTRO CIVICO MATTARELLO;Rastr_tradizionale;
"LINESTRING (664781.418184481 5096911.55555636,664781.09495566 5096910.47812696)";"406";MATTARELLO;A pavimento 4 posti;"4";;"2023";"1";"4";406.JPG;"7730";"6";;CIRCOLO ANZIANI MATTARELLO;Rastr_tradizionale;
"LINESTRING (663541.540614899 5106990.26919439,663545.463620929 5106988.6747241)";"68";GARDOLO;Corten;"10";PARCO DI MELTA - nr. posti 10;"2022";"1";"10";68.jpg;"5903";;;;Rastr_tradizionale;
"LINESTRING (659316.548098074 5104251.05516464,659316.938666233 5104251.06863251)";"355";SOPRAMONTE;Androna;"5";;"2023";"1";"5";355.JPG;"8072";"1";;"SCUOLA PRIMARIA ""S. PERTINI""";Rastr_tradizionale;SCUOLA
"LINESTRING (663867.305583934 5105565.65485696,663870.653820198 5105557.54363671)";"63";CENTRO STORICO_PIEDICASTELLO;Archetto;"2";VIA DEL BRENNERO - nr. posti 9;"2022";"9";"18";63.jpg;"400";"99";;;Rastr_bloccatelaio;
"LINESTRING (663887.701530191 5105516.84016593,663876.666497996 5105542.87152393)";"64";CENTRO STORICO_PIEDICASTELLO;Archetto;"2";VIA DEL BRENNERO - nr. posti 29;"2022";"29";"58";64.jpg;"400";"99";;;Rastr_bloccatelaio;
"LINESTRING (664070.491330625 5102874.12113769,664071.523085499 5102870.390947)";"75";S. GIUSEPPE_S.CHIARA;Bronzetti 7 posti;"7";;"2022";"2";"14";75.jpg;"460";"1";;UFFICI COMUNALI;Rastr_tradizionale;
"LINESTRING (663567.691562283 5107166.33343761,663568.855728951 5107161.88843761)";"70";GARDOLO;Archetto;"2";PARCO DI MELTA - nr. posti 20;"2023";"10";"20";70.jpg;"5903";;;;Rastr_tradizionale;
"LINESTRING (659317.235395632 5104251.05415186,659317.611623298 5104251.08311316)";"356";SOPRAMONTE;Androna;"5";;"2023";"1";"5";356.JPG;"8072";"1";;"SCUOLA PRIMARIA ""S. PERTINI""";Rastr_tradizionale;SCUOLA
"LINESTRING (663889.943317609 5104188.52614524,663890.761818561 5104186.44268828)";"103";CENTRO STORICO_PIEDICASTELLO;Foti 6 posti;"6";;"2022";"1";"6";103.jpg;"880";"1";;STAZIONE - TRENTO CENTRO;Rastr_bloccatelaio;STAZIONE
"LINESTRING (663791.342275792 5107059.53844691,663791.342275792 5107059.53844691,663793.904856575 5107064.95662068,663793.904856575 5107064.95662068)";"71";GARDOLO;Archetto;"2";PARCO DI MELTA - nr. posti 20;"2023";"5";"10";71.jpg;"5903";;;;Rastr_tradizionale;
"LINESTRING (659317.948276066 5104251.06607821,659318.312868957 5104251.07118682)";"357";SOPRAMONTE;Androna;"5";;"2023";"1";"5";357.JPG;"8072";"1";;"SCUOLA PRIMARIA ""S. PERTINI""";Rastr_tradizionale;SCUOLA
"LINESTRING (659318.575012141 5104251.06189858,659319.059855373 5104251.10230218)";"358";SOPRAMONTE;Androna;"5";;"2023";"1";"5";358.JPG;"8072";"1";;"SCUOLA PRIMARIA ""S. PERTINI""";Rastr_tradizionale;SCUOLA
"LINESTRING (659319.32247879 5104251.11577005,659319.672643347 5104251.11577005)";"359";SOPRAMONTE;Androna;"5";;"2023";"1";"5";359.JPG;"8072";"1";;"SCUOLA PRIMARIA ""S. PERTINI""";Rastr_tradizionale;SCUOLA
"LINESTRING (659326.32576992 5104251.27738446,659326.891420358 5104251.25044872)";"400";SOPRAMONTE;Androna;"5";;"2023";"1";"5";400.JPG;"8072";"1";;"SCUOLA PRIMARIA ""S. PERTINI""";Rastr_tradizionale;SCUOLA
"LINESTRING (663398.940312109 5107163.31718761,663404.337812115 5107163.21135428)";"69";GARDOLO;Corten;"10";PARCO DI MELTA - nr. posti 20;"2022";"2";"20";69.jpg;"5903";;;;Rastr_tradizionale;
"LINESTRING (659327.160777709 5104251.24371479,659327.497474397 5104251.23024692)";"401";SOPRAMONTE;Androna;"5";;"2023";"1";"5";401.JPG;"8072";"1";;"SCUOLA PRIMARIA ""S. PERTINI""";Rastr_tradizionale;SCUOLA
"LINESTRING (659327.746044641 5104251.209048,659328.178187016 5104251.18410651)";"402";SOPRAMONTE;Androna;"5";;"2023";"1";"5";402.JPG;"8072";"1";;"SCUOLA PRIMARIA ""S. PERTINI""";Rastr_tradizionale;SCUOLA
"LINESTRING (664109.09292277 5103470.93605725,664109.048064237 5103474.06770299)";"442";CENTRO STORICO-PIEDICASTELLO;Rotonda 6 posti;"6";;"2023";"1";"6";442.JPG;"3320";"4";;"SCUOLA SECONDARIA ""G. BRESADOLA""";Rastr_tradizionale;SCUOLA
"LINESTRING (664109.016622033 5103474.46818878,664109.016622033 5103479.58597845)";"443";CENTRO STORCIO-PIEDICASTELLO;Bronzetti 7 posti;"7";;"2023";"3";"21";443.JPG;"3320";"4";;"SCUOLA SECONDARIA ""G. BRESADOLA""";Rastr_tradizionale;SCUOLA
"LINESTRING (664179.887978712 5104338.74897337,664185.989531263 5104335.92142463)";"107";CENTRO STORICO_PIEDICASTELLO;Archetto;"2";;"2022";"7";"14";107.jpg;"2650";"17";;;Rastr_bloccatelaio;
"LINESTRING (664111.440838193 5103479.61291419,664111.386966723 5103476.75772627)";"444";CENTRO STORICO-PIEDICASTELLO;Bronzetti 7 posti;"6";;"2023";"2";"12";444.JPG;"3320";"4";;"SCUOLA SECONDARIA ""G. BRESADOLA""";Rastr_tradizionale;SCUOLA
"LINESTRING (664079.261247055 5102876.89893928,664081.166025284 5102870.15284972)";"76";S. GIUSEPPE_S.CHIARA;Bronzetti 5 posti;"5";;"2022";"3";"15";76.jpg;"460";"1";;UFFICI COMUNALI;Rastr_tradizionale;
"LINESTRING (663951.591321131 5104289.75983117,663953.749187277 5104283.65827862)";"100";CENTRO STORICO_PIEDICASTELLO;Metallo 4 posti;"4";;"2022";"5";"20";100.jpg;"880";"13";;STAZIONE - TRENTO CENTRO;Rastr_tradizionale;STAZIONE
"LINESTRING (663925.250472311 5104231.05099016,663935.22130209 5104253.52256175)";"101";CENTRO STORICO_PIEDICASTELLO;Dante;"6";;"2022";"7";"42";101.jpg;"880";"9";;STAZIONE - TRENTO CENTRO;Rastr_bloccatelaio;STAZIONE
"LINESTRING (663923.167015342 5104226.43762116,663919.297738115 5104218.17820246)";"102";CENTRO STORICO_PIEDICASTELLO;Dante;"6";;"2022";"3";"18";102.jpg;"880";"9";;STAZIONE - TRENTO CENTRO;Rastr_bloccatelaio;STAZIONE
"LINESTRING (663890.826926591 5104186.25666533,663891.198972479 5104185.28934603)";"104";CENTRO STORICO_PIEDICASTELLO;Foti 4 posti;"4";;"2022";"1";"4";104.jpg;"880";"1";;STAZIONE - TRENTO CENTRO;Rastr_bloccatelaio;STAZIONE
"LINESTRING (662455.070026055 5107308.71439177,662454.919802975 5107304.73348016)";"67";GARDOLO;Onda;"6";VIA L. CANEPPELE - nr. posti 6;"2022";"1";"6";67.jpg;"5080";"19";;PARCO RONCAFORT;Rastr_tradizionale;
"LINESTRING (664160.298095337 5104443.80966634,664157.912462108 5104438.13350452)";"72";CENTRO STORICO_PIEDICASTELLO;Metallo 4 posti;"4";;"2022";"1";"4";72.jpg;"3370";"15";;;Rastr_tradizionale;
"LINESTRING (663915.71754192 5103480.55718369,663916.490769817 5103476.05426829)";"73";CENTRO STORICO_PIEDICASTELLO;Metallo 4 posti;"4";;"2022";"2";"8";73.jpg;"2670";"102";;;Rastr_tradizionale;
"LINESTRING (663771.87455528 5103994.79255059,663772.804669999 5103995.01577812)";"54";CENTRO STORICO _PIEDICASTELLO;Metallo 4 posti;"4";;"2022";"2";"8";54.JPG;"1500";"1";;;Rastr_tradizionale;
"LINESTRING (663700.662258975 5106302.98619107,663701.456132814 5106301.55650385)";"299";CENTRO STORICO_PIEDICASTELLO;Verona 90;"6";VIA DEL BRENNERO - nr. posti 6;"2022";"1";"6";299.jpg;"400";"312";;UFFICI COMUNALI TOP CENTER;Rastr_bloccatelaio;
"LINESTRING (662511.779238508 5107275.1770893,662516.023040499 5107274.76397583)";"66";GARDOLO;Onda;"6";VIA L. CANEPPELE - nr. posti 12;"2022";"2";"12";66.jpg;"5080";"19";;PARCO RONCAFORT;Rastr_tradizionale;
"LINESTRING (664222.07798233 5104142.08551736,664224.012620944 5104143.35047338)";"105";CENTRO STORICO_PIEDICASTELLO;Metallo 4 posti;"4";;"2022";"2";"8";105.jpg;"3310";"40";;;Rastr_tradizionale;
"LINESTRING (664064.553753656 5104385.18030011,664067.455711577 5104383.76652574)";"106";CENTRO STORICO_PIEDICASTELLO;Metallo 4 posti;"4";;"2022";"2";"8";106.jpg;"2650";"3";;;Rastr_tradizionale;
"LINESTRING (664762.832527253 5096919.85176278,664764.664157241 5096919.42079102)";"407";MATTARELLO;Rotonda 6 posti;"6";;"2023";"1";"6";407.JPG;"7730";"6";;CIRCOLO ANZIANI MATTARELLO;Rastr_tradizionale;
"LINESTRING (663572.279771845 5102844.09132535,663572.576466579 5102842.03495866)";"164";S. GIUSEPPE_S. CHIARA;Con gancio 5 posti;"5";;"2022";"1";"5";164.jpg;"3842";"6";;;Rastr_bloccatelaio;
"LINESTRING (664804.151944917 5096940.53840734,664805.175502851 5096941.83132263)";"408";MATTARELLO;Archetto;"2";;"2023";"5";"10";408.JPG;"7730";"11";;SCUOLA PRIMARIA MATTARELLO;Rastr_bloccatelaio;SCUOLA
"LINESTRING (663574.912169177 5102823.35233041,663574.58551858 5102825.29751435)";"165";S. GIUSEPPE_S. CHIARA;Con gancio 5 posti;"5";;"2022";"1";"5";165.jpg;"3842";"6";;;Rastr_bloccatelaio;
"LINESTRING (664973.658525987 5096973.45387565,664974.951441273 5096973.56161859)";"410";MATTARELLO;Bronzetti 7 posti;"7";;"2023";"1";"7";410.JPG;"7750";"1";;"SCUOLA SECONDARIA ""A. FOGAZZARO""";Rastr_tradizionale;SCUOLA
"LINESTRING (663581.727644863 5103635.36578151,663584.339098277 5103633.87352242,663587.416882657 5103633.12739287,663590.774465618 5103633.22065907)";"157";CENTRO STORICO_PIEDICASTELLO;Spirale;"6";;"2022";"3";"18";157.jpg;"3690";"1";A;;Rastr_tradizionale;
"LINESTRING (663541.016951461 5103587.7533898,663542.649109845 5103587.846656)";"158";CENTRO STORICO_PIEDICASTELLO;Spirale;"6";;"2022";"1";"6";158.jpg;"3440";"27";;;Rastr_tradizionale;
"LINESTRING (664507.479498651 5103740.44704187,664512.185937195 5103739.46653384)";"128";S. GIUSEPPE_S. CHIARA;Metallo 4 posti;"4";;"2022";"2";"8";128.jpg;"1400";"2";;;Rastr_tradizionale;
"LINESTRING (663952.742291686 5102370.20104161,663954.792812522 5102359.74999994)";"84";S. GIUSEPPE_S. CHIARA;Archetto;"2";;"2022";"12";"24";84.jpg;"3530";"4";;;Rastr_bloccatelaio;
"LINESTRING (664975.705641856 5096974.90840535,664976.136613618 5096976.20132063)";"411";MATTARELLO;Bronzetti 7 posti;"7";;"2023";"1";"7";411.JPG;"7750";"1";;"SCUOLA SECONDARIA ""A. FOGAZZARO""";Rastr_tradizionale;SCUOLA
"LINESTRING (664651.246488534 5103433.0822872,664658.796400364 5103430.72906793)";"136";S. GIUSEPPE_S. CHIARA;Bronzetti 5 posti;"5";;"2022";"2";"10";136.jpg;"210";"24";;;Rastr_tradizionale;
"LINESTRING (664581.697828339 5103760.04494612,664580.545731404 5103760.75581444)";"151";S. GIUSEPPE_S. CHIARA;Archetto Venezia;"3";;"2022";"1";"3";151.jpg;"1400";"1";;;Rastr_bloccatelaio;
"LINESTRING (664586.31847243 5103767.31909007,664585.362477101 5103767.93190759)";"152";S. GIUSEPPE_S. CHIARA;Archetto Venezia;"3";;"2022";"1";"3";152.jpg;"1400";"1";;;Rastr_bloccatelaio;
"LINESTRING (665000.826057949 5101727.67666535,665001.024551881 5101729.86009861)";"448";OLTREFERSINA;Rotonda 6 posti;"6";;"2024";"1";"6";448.JPG;"2080";"22";;"SCUOLA PRIMARIA ""O. WINKLER""";Rastr_tradizionale;SCUOLA
"LINESTRING (665001.074175364 5101730.60445085,665001.371916262 5101733.78035376)";"449";OLTREFERSINA;Rotonda 6 posti;"6";;"2024";"1";"6";449.JPG;"2080";"22";;"SCUOLA PRIMARIA ""O. WINKLER""";Rastr_tradizionale;SCUOLA
"LINESTRING (663809.646904883 5103287.30800618,663813.097754038 5103287.91423643,663813.097754038 5103287.91423643)";"160";S. GIUSEPPE_S. CHIARA;Con gancio 9 posti;"9";;"2022";"1";"9";160.jpg;"1600";"6";;CIMITERO TRENTO;Rastr_bloccatelaio;
"LINESTRING (665000.424417883 5101723.68197497,665000.734564652 5101727.18043052)";"447";OLTREFERSINA;Bronzetti 5 posti;"5";;"2024";"1";"5";447.JPG;"2080";"22";;"SCUOLA PRIMARIA ""O. WINKLER""";Rastr_tradizionale;SCUOLA
"LINESTRING (665001.999963469 5101737.19196822,665002.297704367 5101738.97841361)";"450";OLTREFERSINA;Bronzetti 5 posti;"5";;"2024";"1";"5";450.JPG;"2080";"22";;"SCUOLA PRIMARIA ""O. WINKLER""";Rastr_tradizionale;SCUOLA
"LINESTRING (664505.665558796 5103723.14107514,664510.028819529 5103722.06251631)";"129";S. GIUSEPPE_S. CHIARA;Metallo 4 posti;"4";;"2022";"2";"8";129.jpg;"1400";"2";;;Rastr_tradizionale;
"LINESTRING (664615.130930413 5103715.41601561,664617.189997276 5103714.28843138)";"153";S. GIUSEPP_S. CHIARA;Verona 90;"6";;"2022";"1";"6";153.jpg;"1400";"5";;;Rastr_bloccatelaio;
"LINESTRING (664570.624215776 5103987.19188759,664568.221971103 5103983.85816029)";"127";S. GIUSEPPE_S. CHIARA;Verona 90;"6";;"2022";"2";"12";127.jpg;"3400";;;;Rastr_bloccatelaio;
"LINESTRING (664892.906730483 5096950.03842622,664892.79591081 5096948.27725894)";"409";MATTARELLO;Archetto;"2";;"2023";"5";"10";409.JPG;"7755";"5";;;Rastr_bloccatelaio;
"LINESTRING (663573.077205429 5103656.67710669,663574.662730716 5103661.57358184)";"156";CENTRO STORICO_PIEDICASTELLO;Spirale;"6";;"2022";"2";"12";156.jpg;"3690";"16";;;Rastr_tradizionale;
"LINESTRING (664868.514883971 5097085.15636917,664868.461012501 5097084.72539741,664868.622626912 5097085.80282681)";"413";MATTARELLO;Bronzetti 7 posti;"7";;"2023";"1";"7";412.JPG;"7700";"1";;PARCO MATTARELLO;Rastr_tradizionale;
"LINESTRING (663558.481046168 5102897.03562007,663559.553607392 5102891.0665837)";"161";S. GIUSEPPE_s. CHIARA;Con gancio 5 posti;"5";;"2022";"3";"15";161.jpg;"3842";"14";;;Rastr_bloccatelaio;
"LINESTRING (664868.151251547 5097083.05538183,664868.097380077 5097082.62441007,664868.258994488 5097083.70183947)";"412";MATTARELLO;Bronzetti 7 posti;"7";;"2023";"1";"7";412.JPG;"7700";"1";;PARCO MATTARELLO;Rastr_tradizionale;
"LINESTRING (663520.090349326 5102958.4514084,663520.078691052 5102957.6819623)";"166";S. GIUSEPPE_S. CHIARA;Con gancio 5 posti;"5";;"2022";"1";"5";166.jpg;"4067";;;;Rastr_bloccatelaio;
"LINESTRING (664435.657285462 5103704.80557499,664433.500167796 5103697.64786637)";"131";CENTRO STORICO_PIEDICASTELLO;Metallo 4 posti;"4";;"2022";"5";"20";131.jpg;"2750";"2";;;Rastr_tradizionale;
"LINESTRING (664322.653735017 5103578.85931854,664329.909494438 5103580.18300438)";"132";CENTRO STORICO_PIEDICASTELLO;Metallo 4 posti;"4";;"2022";"3";"12";132.jpg;"1260";"26";;;Rastr_tradizionale;
"LINESTRING (664396.24086266 5103522.52913223,664402.12391084 5103520.66616697)";"133";S. GIUSEPPE_S. CHIARA;Metallo 5 posti;"5";;"2022";"2";"10";133.jpg;"210";"2";;;Rastr_tradizionale;
"LINESTRING (664402.712215658 5103520.37201456,664405.261536535 5103519.48955734)";"134";S. GIUSEPPE_S. CHIARA;Metallo 4 posti;"4";;"2022";"1";"4";134.jpg;"210";"2";;;Rastr_tradizionale;
"LINESTRING (664541.454101887 5103713.72819806,664551.651385398 5103710.98277557)";"130";S. GIUSEPPE_S. CHIARA;Verona 90;"6";;"2022";"2";"12";130.JPG;"1400";"2";;;Rastr_bloccatelaio;
"LINESTRING (664886.959128589 5097167.87685344,664886.662835503 5097166.88023124)";"414";MATTARELLO;Bronzetti 7 posti;"7";;"2023";"1";"7";414.JPG;"7901";;;PARCO MATTARELLO;Rastr_tradizionale;
"LINESTRING (663320.093949223 5100364.44828217,663322.087193621 5100364.9331254)";"435";RAVINA;Bronzetti 5 posti;"5";;"2023";"1";"5";435.JPG;"8760";"2";A;PALESTRA;Rastr_tradizionale;
"LINESTRING (664802.057691513 5106227.41506546,664802.865763566 5106226.93022223)";"415";MARTIGNANO;Metallo 4 posti;"4";;"2023";"1";"4";415.JPG;"6160";"4";"1";;Rastr_tradizionale;
"LINESTRING (665597.308334976 5104828.42685519,665596.823491744 5104829.18105577)";"416";COGNOLA;Argentario;"4";;"2023";"1";"4";416.JPG;"6198";"13";;CENTRO CIVICO COGNOLA;Rastr_tradizionale;
"LINESTRING (665644.553614363 5104814.52801587,665645.173136271 5104814.58188734)";"417";COGNOLA;Argentario;"4";;"2023";"1";"4";417.JPG;"6198";"9";;BIBILOTECA COMUNALE;Rastr_tradizionale;
"LINESTRING (663982.35801364 5104810.96878119,663983.583648678 5104810.57657798)";"191";CENTRO STORICO_PIEDICASTELLO;Verona 45;"6";;"2022";"1";"6";191.jpg;"3190";"3";;"SCUOLA PRIMARIA ""B. S. BELLESINI""";Rastr_bloccatelaio;SCUOLA
"LINESTRING (663751.531646418 5103701.63249855,663750.992367001 5103701.19126993)";"120";S. GIUSEPPE_S. CHIARA;Metallo 4 posti;"4";;"2022";"1";"4";120.jpg;"1220";"31";;;Rastr_tradizionale;
"LINESTRING (666533.338598004 5103492.85883323,666534.011991382 5103490.51542427)";"422";POVO;Spirale;"6";;"2023";"1";"6";422.JPG;"7503";"1";;BIBILIOTECA COMUNALE;Rastr_tradizionale;
"LINESTRING (663708.60224719 5104471.06625843,663709.778856826 5104471.16430923)";"178";CENTRO STORICO_PIEDICASTELLO;3 posti doppia;"6";;"2022";"1";"6";178.jpg;"1520";"83";;;Rastr_tradizionale;
"LINESTRING (663845.615856374 5104552.43632844,663846.474064186 5104552.20313801)";"179";CENTRO STORICO_PIEDICASTELLO;3 posti doppia;"6";;"2022";"1";"6";179.jpg;"480";"22";"1";;Rastr_tradizionale;
"LINESTRING (665011.738921496 5106093.18082952,665013.274258398 5106092.93840791)";"421";MARTIGNANO;Archetto;"2";;"2023";"5";"10";421.JPG;"6485";"2";;NIDO MARTINGNANO;Rastr_bloccatelaio;SCUOLA
"LINESTRING (665002.396951333 5101739.67314237,665002.595445265 5101741.23628209)";"451";OLTREFERSINA;Bronzetti 5 posti;"5";;"2024";"1";"5";451.JPG;"2080";"22";;"SCUOLA PRIMARIA ""O. WINKLER""";Rastr_tradizionale;SCUOLA
"LINESTRING (665002.917997905 5101743.6926445,665003.091680095 5101745.20616073)";"452";OLTREFERSINA;Rotonda 6 posti;"6";;"2024";"1";"6";452.JPG;"2080";"22";;"SCUOLA PRIMARIA ""O. WINKLER""";Rastr_tradizionale;SCUOLA
"LINESTRING (663423.923580129 5110097.17331055,663424.022827095 5110095.18837123)";"454";MEANO;Canova;"6";;"2024";"1";"6";454.JPG;"8470";"40";;"SCUOLA PRIMARIA ""E. DE CARLI""";Rastr_tradizionale;SCUOLA
"LINESTRING (663423.625839231 5110100.15071953,663423.824333163 5110098.2154037)";"455";MEANO;Canova;"6";;"2024";"1";"6";455.JPG;"8470";"40";;"SCUOLA PRIMARIA ""E . DE CARLI""";Rastr_tradizionale;SCUOLA
"LINESTRING (664981.604711949 5111118.82157885,664982.299440711 5111116.0426638)";"456";VIGO MEANO;Bronzetti 5 posti;"5";;"2024";"1";"5";456.JPG;"8492";"21";;"SCUOLA PRIMARIA ""I CALVINO""";Rastr_tradizionale;SCUOLA
"LINESTRING (663874.0996875 5103718.80234375,663876.010015244 5103708.79586509)";"90";CENTRO STORICO_PIEDICASTELLO;Rosmini;"6";;"2022";"4";"24";90.jpg;"2670";"29";;FACOLTA' GIURISPRUDENZA;Rastr_tradizionale;SCUOLA
"LINESTRING (663842.551900424 5104538.40877555,663841.032112977 5104538.80097877)";"180";CENTRO STORICO_PIEDICASTELLO;Metallo 4 posti;"4";;"2022";"1";"4";180.jpg;"480";"26";"1";;Rastr_tradizionale;
"LINESTRING (663873.895009527 5103720.16686357,663873.531137576 5103722.07719131)";"89";CENTRO STORICO_PIEDICASTELLO;Rosmini;"6";;"2022";"1";"6";89.jpg;"2670";"29";;FACOLTA' GIURISPRUDENZA;Rastr_tradizionale;SCUOLA
"LINESTRING (663867.049668445 5103759.71519626,663868.323220274 5103752.11936928)";"91";CENTRO STORICO_PIEDICASTELLO;Rosmini;"6";;"2022";"5";"30";91.jpg;"2670";"27";;FACOLTA' GIURISPRUDENZA;Rastr_tradizionale;SCUOLA
"LINESTRING (663741.653028016 5103711.63368045,663741.898155024 5103709.72168979)";"175";CENTRO STORICO_PIEDICASTELLO;Gar 8 posti;"8";;"2022";"1";"8";175.jpg;"1220";"14";;FACOLTA' LETTERE;Rastr_bloccatelaio;SCUOLA
"LINESTRING (666534.577641819 5103487.9295937,666536.894115039 5103487.95652943)";"423";POVO;Spirale;"6";;"2023";"1";"6";423.JPG;"7503";"1";;BIBLIOTECA COMUNALE;Rastr_tradizionale;
"LINESTRING (664939.795343593 5102436.93733627,664945.43054904 5102432.73654676)";"227";OLTREFERSINA;Verona 45;"6";;"2022";"1";"6";227.jpg;"1370";"82";;;Rastr_bloccatelaio;
"LINESTRING (663819.387398218 5104445.33405082,663820.171804641 5104447.7608082)";"181";CENTRO STORICO-PIEDICASTELLO;Metallo 4 posti;"4";;"2022";"2";"8";181.jpg;"480";"55";;;Rastr_tradizionale;
"LINESTRING (666632.165810132 5103638.66196739,666632.596781893 5103639.17374635)";"424";POVO;Metallo 4 posti;"4";;"2023";"1";"4";424.JPG;"7380";"9";;;Rastr_tradizionale;
"LINESTRING (666590.804050473 5103509.4949172,666593.743922386 5103509.56918931)";"425";POVO;Spirale;"6";;"2023";"1";"6";425.JPG;"7460";"1";;;Rastr_tradizionale;
"LINESTRING (666590.202412515 5103509.51092638,666587.072911865 5103509.71479455)";"426";POVO;Spirale;"6";;"2023";"1";"6";426.JPG;"7460";"1";;;Rastr_tradizionale;
"LINESTRING (663787.741501553 5104384.88573078,663788.991649291 5104384.44450217)";"183";CENTRO STORICO_PIEDICASTELLO;3 posti doppia;"6";;"2022";"1";"6";183.jpg;"480";"40";;;Rastr_tradizionale;
"LINESTRING (663455.319124977 5104091.10409087,663456.275120287 5104090.80993846)";"205";CENTRO STORICO_PIEDICASTELLO;Verona 90;"6";;"2022";"1";"6";205.jpg;"2940";"4";;;Rastr_bloccatelaio;
"LINESTRING (663774.357566945 5104347.30776054,663773.609929572 5104345.46930798)";"184";CENTRO STORICO_PIEDICASTELLO;Androna;"4";;"2022";"2";"8";184.jpg;"480";"46";;;Rastr_tradizionale;
"LINESTRING (663357.632184319 5107855.89558695,663358.533026053 5107855.17859047)";"219";GARDOLO;A pavimento 5 posti;"5";;"2022";"1";"5";219.jpg;"5290";"23";"5";CENTRO SPORTIVO TN NORD;Rastr_tradizionale;
"LINESTRING (663356.308498505 5107856.86996678,663357.209340239 5107856.1529703)";"218";GARDOLO;A pavimento 5 posti;"5";;"2022";"1";"5";218.jpg;"5290";"23";"5";CENTRO SPORTIVO TN NORD;Rastr_tradizionale;
"LINESTRING (664191.94226546 5104333.54033095,664195.067450913 5104332.34978411)";"108";CENTRO STORICO_PIEDICASTELLO;Archetto;"2";;"2022";"3";"6";108.jpg;"2650";"17";;;Rastr_bloccatelaio;
"LINESTRING (664100.476909217 5105362.76145085,664100.567342973 5105361.0819668)";"118";CENTRO STORICO_PIEDICASTELLO;Archetto;"2";;"2022";"7";"14";118.jpg;"3150";"78";;;Rastr_bloccatelaio;
"LINESTRING (663759.141154473 5106553.68359156,663759.709595228 5106552.02994572)";"121";CENTRO STORICO_PIEDICASTELLO;Archetto;"2";;"2022";"4";"8";121.jpg;"1415";"17";;;Rastr_bloccatelaio;
"LINESTRING (666584.004532865 5103509.8531578,666586.482986266 5103509.64192048)";"427";POVO;Spirale;"6";;"2023";"1";"6";427.JPG;"7460";"1";;;Rastr_tradizionale;
"LINESTRING (663758.387542408 5104271.71059144,663757.358008977 5104267.78855932)";"186";CENTRO STORICO_PIEDICASTELLO;Metallo 4 posti;"4";;"2022";"2";"8";186.jpg;"480";"50";;;Rastr_tradizionale;
"LINESTRING (663928.579223697 5104810.91646978,663929.473937274 5104810.57329197)";"190";CENTRO STORICO_PIEDICASTELLO;Metallo 4 posti;"4";;"2022";"1";"4";190.jpg;"570";"30";;;Rastr_tradizionale;
"LINESTRING (663926.593694936 5104802.06738481,663926.838821944 5104802.75374043)";"189";CENTRO STORICO_PIEDICASTELLO;Metallo 4 posti;"4";;"2022";"1";"4";189.jpg;"570";"30";;;Rastr_tradizionale;
"LINESTRING (663864.981021608 5104780.4839518,663865.275174016 5104781.56251063)";"193";CENTRO STORICO_PIEDICASTELLO;Metallo 5 posti;"5";;"2022";"1";"5";193.jpg;"570";"1";;;Rastr_tradizionale;
"LINESTRING (663433.898089035 5104065.62926712,663433.714243783 5104066.25434097)";"210";CENTRO STORICO_PIEDICASTELLO;Verona 90;"6";;"2022";"1";"6";210.jpg;"430";"3";;;Rastr_bloccatelaio;
"LINESTRING (667203.74210922 5104342.8563583,667201.910479232 5104342.53312948,667204.065338041 5104342.64087242)";"428";POVO;Corten;"10";;"2024";"1";"10";428.JPG;"7485";;;;Rastr_tradizionale;
"LINESTRING (663423.207487632 5104101.15429798,663424.163482943 5104100.86014557)";"204";CENTRO STORICO_PIEDICASTELLO;Verona 45;"6";;"2022";"1";"6";204.jpg;"2390";"28";;;Rastr_bloccatelaio;
"LINESTRING (666461.285506577 5103204.33670656,666462.901650684 5103205.95285067)";"429";POVO;Salè;"10";;"2023";"1";"10";429.JPG;"7350";;;PARCO;Rastr_tradizionale;
"LINESTRING (666457.891603953 5103167.32700652,666457.676118072 5103166.24957711)";"430";POVO;Androna;"5";;"2023";"1";"5";430.JPG;"7350";;;;Rastr_tradizionale;
"LINESTRING (663317.02327542 5100363.58633865,663318.477805116 5100364.01731041)";"434";RAVINA;Bronzetti 5 posti;"5";;"2023";"1";"5";434.JPG;"8760";"2";A;PALESTRA;Rastr_tradizionale;
"LINESTRING (663213.15943181 5108275.60482885,663214.110556268 5108275.07219916)";"236";GARDOLO;Androna;"5";;"2022";"1";"5";236.jpg;"5500";"15";;;Rastr_tradizionale;
"LINESTRING (663182.605533446 5108294.28542245,663183.231325884 5108294.68387624)";"239";GARDOLO;Androna;"5";;"2022";"1";"5";239.jpg;"5500";"10";;;Rastr_tradizionale;
"LINESTRING (663180.840222724 5108293.75228351,663181.582099801 5108293.75228351)";"237";GARDOLO;Androna;"5";;"2022";"1";"5";237.jpg;"5500";"10";;;Rastr_tradizionale;
"LINESTRING (664772.947838561 5102487.48902344,664777.234088566 5102488.86485677)";"231";OLTREFERSINA;Verona 90;"6";;"2022";"1";"6";231.jpg;"1160";"4";;;Rastr_bloccatelaio;
"LINESTRING (664822.442992413 5102960.77842449,664825.867040463 5102958.80008562)";"233";OLTREFERSINA;Metallo 4 posti;"4";;"2022";"3";"12";233.jpg;"40";"2";;"INFANZIA ""S. ANTONIO""";Rastr_tradizionale;SCUOLA
"LINESTRING (664793.955755249 5102494.26235678,664796.495755251 5102495.10902344)";"230";OLTREFERSINA;Metallo 4 posti;"4";;"2022";"1";"4";230.jpg;"1160";"4";;;Rastr_tradizionale;
"LINESTRING (664977.890833315 5103146.47791668,664979.319583317 5103145.10208334)";"232";OLTREFERSINA;Metallo 4 posti;"4";;"2022";"1";"4";232.jpg;"3470";"15";;;Rastr_tradizionale;
"LINESTRING (663064.618020725 5107192.68041554,663065.200104059 5107194.74416554)";"245";GARDOLO;Canova;"6";;"2022";"1";"6";245.jpg;"5090";"61";;PARCO;Rastr_tradizionale;
"LINESTRING (663253.106659049 5108189.81340273,663254.89477303 5108185.62845512)";"235";GARDOLO;Metallo 4 posti;"4";;"2022";"2";"8";235.jpg;"5480";"3";;UFFICI COMUNALI;Rastr_tradizionale;
"LINESTRING (663222.575563944 5108162.78244563,663222.879923771 5108161.67914126)";"234";GARDOLO;Metallo 3 posti;"3";;"2022";"1";"3";234.jpg;"5480";"3";;;Rastr_tradizionale;
"LINESTRING (666469.982099681 5103246.57513009,666472.523520064 5103246.32098805)";"489";POVO;Salè;"10";;"2024";"1";"10";489.JPG;"7350";;;;Rastr_tradizionale;
"LINESTRING (663392.349581663 5107898.03979719,663392.32312333 5107894.60021385)";"249";GARDOLO;Archetto;"2";;"2022";"10";"20";249.jpg;"5290";"23";"4";"CENTRO SPORTIVO ""TN NORD""";Rastr_bloccatelaio;
"LINESTRING (664766.780624785 5102392.72208303,664770.034999789 5102393.19833303)";"250";OLTRFERSINA;Archetto;"2";;"2022";"5";"10";250.jpg;"1160";"4";;"CENTRO SPORTIVO ""G. MANAZZON""";Rastr_bloccatelaio;
"LINESTRING (664763.307968531 5102390.73109344,664762.011510197 5102388.05880177)";"251";OLTREFERSINA;Archetto;"2";;"2022";"5";"10";251.jpg;"1160";"4";;"CENTRO SPORTIVO ""G. MANAZZON""";Rastr_bloccatelaio;
"LINESTRING (664297.456093038 5100748.59463336,664309.679843051 5100748.43588336)";"252";OLTREFERSINA;Archetto;"2";;"2022";"20";"40";252.jpg;"1120";"11";;"PALAZZETTO DELLO SPORT ""BLM GROUP ARENA""";Rastr_bloccatelaio;
"LINESTRING (663181.806588901 5108293.77181524,663182.43238134 5108294.17026903)";"238";GARDOLO;Androna;"5";;"2022";"1";"5";238.jpg;"5500";"10";;;Rastr_tradizionale;
"LINESTRING (664295.180676371 5103293.33067772,664295.445259704 5103291.26692772)";"257";S. GIUSEPPE_S. CHIARA;Rotonda 6 posti;"6";;"2022";"1";"6";257.jpg;"2950";"65";;"AUDITORIUM ""S. CHIARA""";Rastr_tradizionale;
"LINESTRING (663712.793919018 5104154.68695807,663714.068579457 5104153.95157705)";"187";CENTRO STORICO_PIEDICASTELLO;Androna;"4";;"2022";"1";"4";187.jpg;"480";"72";;;Rastr_tradizionale;
"LINESTRING (663715.441290699 5104155.96161851,663716.47082413 5104155.32428829)";"188";CENTRO STORICO_PIEDICASTELLO;Androna;"4";;"2022";"1";"4";188.jpg;"480";"72";;;Rastr_tradizionale;
"LINESTRING (664302.377343045 5103289.99692771,664302.906509712 5103287.40401105)";"258";S. GIUSEPPE_S. CHIARA;Rotonda 9 posti 45;"9";;"2022";"1";"9";258.jpg;"2950";"67";;"AUDITORIUM ""S. CHIARA""";Rastr_tradizionale;
"LINESTRING (663451.099110422 5103916.56064261,663451.83449143 5103920.60523815)";"213";CENTRO STORICO_PIEDICASTELLO;Archetto;"2";;"2022";"4";"8";213.jpg;"2850";"4";;;Rastr_bloccatelaio;
"LINESTRING (663355.361695457 5107860.93294686,663356.942764624 5107863.06555178)";"217";GARDOLO;Bronzetti 6 posti;"6";;"2022";"1";"6";217.jpg;"5290";"23";"5";CENTRO SPORTIVO TN NORD;Rastr_tradizionale;
"LINESTRING (664305.578801382 5103274.38651103,664305.896301382 5103272.74609436)";"260";S. GIUSEPPE_S. CHIARA;Rotonda 6 posti;"6";;"2022";"1";"6";260.jpg;"2950";"67";;"AUDITORIUM ""S. CHIARA""";Rastr_tradizionale;
"LINESTRING (663763.437158762 5104341.40019966,663767.9474957 5104339.90492491)";"185";CENTRO STORICO_PIEDICASTELLO;Archetto;"2";;"2022";"5";"10";185.jpg;"480";"46";;"SCUOLA SECONDARIA ""A. MANZONI""";Rastr_bloccatelaio;SCUOLA
"LINESTRING (663696.484356712 5105366.07215887,663697.268763136 5105364.11114281)";"200";CENTRO STORICO_PIEDICASTELLO;Archetto;"2";;"2022";"12";"24";200.jpg;"3650";"6";;"SCUOLA PRIMARIA ""A. SCHMID""";Rastr_bloccatelaio;SCUOLA
"LINESTRING (663337.127276481 5107783.33660633,663337.213139069 5107781.02906002)";"215";GARDOLO;Archetto;"2";;"2022";"6";"12";215.jpg;"5290";"15";"1";"SCUOLA SECONDARIA ""S. PEDROLLI""";Rastr_bloccatelaio;SCUOLA
"LINESTRING (663965.086509353 5104820.92901268,663964.901301019 5104820.29401268)";"253";CENTRO STORICO_PIEDICASTELLO;Archetto;"2";;"2022";"2";"4";253.jpg;"3190";"3";"1";"SCUOLA PRIMARIA ""B. S. BELLESINI""";Rastr_bloccatelaio;SCUOLA
"LINESTRING (663741.897043476 5103709.52235437,663742.052470951 5103708.40123776)";"176";CENTRO STORICO_PIEDICASTELLO;Gar 6 posti;"6";;"2022";"1";"6";176.jpg;"1220";"14";;FACOLTA' LETTERE;Rastr_bloccatelaio;SCUOLA
"LINESTRING (664383.8216681 5103164.92927178,664385.008024681 5103165.25654256)";"270";S. GIUSEPPE_S. CHIARA;Archetto;"2";;"2022";"5";"10";270.jpg;"2370";"1";;COMMISSIARIATO DEL GOVERNO;Rastr_bloccatelaio;
"LINESTRING (664407.180620088 5103317.35563799,664407.876070497 5103314.90110713)";"273";S. GIUSEPPE_S. CHIARA;Bronzetti 5 posti;"5";;"2022";"1";"5";273.jpg;"4069";;;;Rastr_tradizionale;
"LINESTRING (663090.131483156 5108428.32688308,663091.539147354 5108429.23996256)";"240";GARDOLO;Metallo 4 posti;"4";;"2022";"1";"4";240.jpg;"5101";"40";;;Rastr_tradizionale;
"LINESTRING (663121.715998936 5108366.43706577,663125.151133815 5108368.80953303)";"241";GARDOLO;Metallo 4 posti;"4";;"2022";"3";"12";241.jpg;"5101";"5";;PALAZZO CRIVELLI - UFFICI COMUNALI;Rastr_tradizionale;
"LINESTRING (663170.425717252 5108245.15703399,663170.77170206 5108241.87017832)";"242";GARDOLO;Metallo 4 posti;"4";;"2022";"2";"8";242.jpg;"5500";"6";;;Rastr_tradizionale;
"LINESTRING (662677.241561982 5108125.89229153,662677.691353649 5108124.56937486)";"243";GARDOLO;Gardolo;"4";;"2022";"1";"4";243.jpg;"5010";"6";;CIMITERO GARDOLO;Rastr_tradizionale;
"LINESTRING (662724.998853699 5108025.66812475,662726.1101037 5108023.65729142)";"244";GARDOLO;Gardolo;"4";;"2022";"1";"4";244.jpg;"5340";"80";;CIMITERO GARDOLO;Rastr_tradizionale;
"LINESTRING (664305.076093048 5103276.90005269,664305.393593048 5103275.25963603)";"259";S. GIUSEPPE_S. CHIARA;Rotonda 6 posti;"6";;"2022";"1";"6";259.jpg;"2950";"67";;"AUDITORIUM ""S. CHIARA""";Rastr_tradizionale;
"LINESTRING (664229.427570369 5104696.48070749,664231.610105791 5104694.9286823)";"58";CENTRO STORICO_PIEDICASTELLO;Metallo 4 posti;"4";PIAZZA DI CENTA - nr. posti 8;"2022";"2";"8";58.jpg;"700";"12";;;Rastr_tradizionale;
"LINESTRING (664321.543980797 5104504.47220347,664322.020230798 5104496.90512013)";"59";CENTRO STORICO_PIEDICASTELLO;Metallo 4 posti;"4";VIA A. MANZONI - nr. posti 12;"2022";"3";"12";59.jpg;"1730";"73";;;Rastr_tradizionale;
"LINESTRING (663705.512305382 5106312.01084874,663706.041472049 5106310.5556404)";"60";CENTRO STORICO_PIEDICASTELLO;Rotonda 6 posti;"6";VIA DEL BRENNERO - nr. posti 6;"2022";"1";"6";60.jpg;"400";"312";;UFFICI COMUNALI TOP CENTER;Rastr_tradizionale;
"LINESTRING (662518.697322431 5107336.58299642,662517.942790315 5107330.73537252)";"65";GARDOLO;Onda;"6";VIA L. CANEPPELE - nr. posti 6;"2022";"1";"6";65.jpg;"5080";"19";;PARCO RONCAFORT;Rastr_tradizionale;
"LINESTRING (664306.134426382 5103271.89942769,664306.451926382 5103270.25901102)";"261";S. GIUSEPPE_S. CHIARA;Rotonda 6 posti;"6";;"2022";"1";"6";261.jpg;"2950";"67";;"AUDITORIUM ""S. CHIARA""";Rastr_tradizionale;
"LINESTRING (664084.777044792 5102525.57635776,664089.787787176 5102526.90103678)";"74";S. GIUSEPPE_S.CHIARA;Metallo 4 posti;"4";;"2022";"2";"8";74.jpg;"4085";;;;Rastr_tradizionale;
"LINESTRING (663899.537484566 5102477.05424269,663902.27560327 5102477.17329133)";"79";S. GIUSEPPE_S. CHIARA;Muredei;"6";;"2022";"1";"6";79.jpg;"4084";;;;Rastr_tradizionale;
"LINESTRING (664089.816893075 5103657.18340424,664092.039134342 5103657.50086728)";"42";ZTL;Rotonda 4 posti;"4";;"2022";"1";"4";42.jpg;"50";"2";;;Rastr_tradizionale;
"LINESTRING (664100.33677646 5103032.43651414,664103.485610301 5103032.87735088)";"81";S. GIUSEPPE_S. CHIARA;Metallo 4 posti;"4";;"2022";"1";"4";81.jpg;"1060";"21";;;Rastr_tradizionale;
"LINESTRING (663810.482123781 5102774.44028171,663809.927663415 5102770.78084329)";"85";S. GIUSEPPE_S. CHIARA;Metallo 4 posti;"4";;"2022";"1";"4";85.jpg;"1350";"54";;;Rastr_tradizionale;
"LINESTRING (663812.977195427 5102774.32938963,663812.367289025 5102770.9471814)";"86";S. GIUSEPPE_S. CHIARA;Metallo 4 posti;"4";;"2022";"1";"4";86.jpg;"1350";"54";;;Rastr_tradizionale;
"LINESTRING (663915.720934577 5102511.93922085,663918.763642914 5102514.98192918)";"87";S. GIUSEPPE_S. CHIARA;Metallo 4 posti;"4";;"2022";"1";"4";87.jpg;"1810";"4";;;Rastr_tradizionale;
"LINESTRING (663923.970764555 5102863.46838263,663924.747009067 5102860.72380382)";"88";S. GIUSEPPE_S. CHIARA;Rotonda 6 posti;"6";;"2022";"1";"6";88.jpg;"1350";"35";;;Rastr_tradizionale;
"LINESTRING (663895.115843407 5105585.59704878,663897.033689215 5105580.84809726)";"92";CENTRO STORICO_PIEDICASTELLO;Metallo 4 posti;"4";;"2022";"3";"12";92.jpg;"400";"230";;;Rastr_tradizionale;
"LINESTRING (664085.888287977 5102694.91325264,664086.840677092 5102691.73862226)";"94";S. GIUSEPPE_S. CHIARA;Metallo 3 posti;"3";;"2022";"1";"3";94.jpg;"3510";"50";;;Rastr_tradizionale;
"LINESTRING (664086.800994212 5102678.76232057,664088.348626523 5102679.23851513)";"96";S. GIUSEPPE_ S. CHIARA;Rotonda 3 posti ;"3";;"2022";"1";"3";96.jpg;"3510";"48";;;Rastr_tradizionale;
"LINESTRING (664010.490816409 5102668.50429615,664013.169410794 5102669.49636815)";"97";S. GIUSEPPE_S. CHIARA;Metallo 4 posti;"4";;"2022";"3";"12";97.jpg;"3510";"20";;;Rastr_tradizionale;
"LINESTRING (664113.090902061 5102720.92538033,664115.868703645 5102721.63967216)";"98";S. GIUSEPPE_S. CHIARA;Metallo 4 posti;"4";;"2022";"1";"4";98.jpg;"3510";"39";;;Rastr_tradizionale;
"LINESTRING (664311.966593983 5104342.40199893,664312.115412337 5104344.41104672)";"109";CENTRO STORICO_PIEDICASTELLO;Metallo 5 posti;"5";;"2022";"1";"5";109.jpg;"1730";"16";;;Rastr_tradizionale;
"LINESTRING (664312.933913289 5104349.24764326,664313.231549999 5104351.77755529)";"110";CENTRO STORICO_PIEDICASTELLO;Metallo 5 posti;"5";;"2022";"1";"5";110.jpg;"1730";"16";;;Rastr_tradizionale;
"LINESTRING (664313.858877377 5104429.16766495,664314.09240617 5104427.2983053)";"111";CENTRO STORICO_PIEDICASTELLO;Metallo 4 posti;"4";;"2022";"1";"4";111.jpg;"1730";"13";;;Rastr_tradizionale;
"LINESTRING (664335.649583203 5104548.8160419,664335.728958203 5104548.20750023)";"112";CENTRO STORICO_PIEDICASTELLO;Rotonda 6 posti;"6";;"2022";"1";"6";112.jpg;"3050";"28";;;Rastr_tradizionale;
"LINESTRING (664336.125833204 5104547.0697919,664336.205208204 5104546.43479189)";"113";CENTRO STORICO_PIEDICASTELLO;Rotonda 6 posti;"6";;"2022";"1";"6";113.jpg;"3050";"28";;;Rastr_tradizionale;
"LINESTRING (664376.633541578 5104538.07395855,664377.586041579 5104542.20145856)";"114";CENTRO STORICO_PIEDICASTELLO;Metallo 5 posti;"5";;"2022";"3";"15";114.jpg;"3640";"12";;;Rastr_tradizionale;
"LINESTRING (664378.06229158 5104545.48229189,664380.813958249 5104545.85270856)";"115";CENTRO STORICO_PIEDICASTELLO;Metallo 5 posti;"5";;"2022";"2";"10";115.jpg;"3640";"12";;;Rastr_tradizionale;
"LINESTRING (664320.197916521 5104298.28208331,664320.197916521 5104297.48833331)";"116";CENTRO STORICO_PIEDICASTELLO;Rotonda 6 posti;"6";;"2022";"1";"6";116.jpg;"1730";"49";;;Rastr_tradizionale;
"LINESTRING (664313.02770818 5104744.2372921,664312.842499847 5104742.86145877)";"117";CENTRO STORICO_PIEDICASTELLO;Metallo 4 posti;"4";;"2022";"2";"8";117.jpg;"1660";"53";;;Rastr_tradizionale;
"LINESTRING (664553.411886635 5104028.02643103,664555.029724885 5104029.49719307)";"123";CENTRO STORICO_PIEDICASTELLO;Metallo 4 posti;"4";;"2022";"2";"8";123.jpg;"740";"11";;;Rastr_tradizionale;
"LINESTRING (664557.137817149 5104032.87994577,664558.314426785 5104035.67439366)";"124";CENTRO STORICO_PIEDICASTELLO;Metallo 4 posti;"4";;"2022";"3";"12";124.jpg;"740";"11";;;Rastr_tradizionale;
"LINESTRING (664564.594091392 5103987.73116701,664568.1239203 5103991.70222453)";"126";S. GIUSEPPE_S. CHIARA;Metallo 4 posti;"4";;"2022";"4";"16";126.jpg;"3400";;;;Rastr_tradizionale;
"LINESTRING (664412.95852457 5103517.11182536,664415.507845448 5103516.22936814)";"135";S. GIUSEPPE_S. CHIARA;Metallo 4 posti;"4";;"2022";"2";"8";135.jpg;"210";"2";;;Rastr_tradizionale;
"LINESTRING (664511.802926246 5103589.72457315,664509.253605368 5103590.70508118)";"144";S. GIUSEPPE_S. CHIARA;Metallo 4 posti;"4";;"2022";"1";"4";144.jpg;"2450";"1";;;Rastr_tradizionale;
"LINESTRING (664507.537716316 5103591.1463098,664504.203989014 5103592.37194484)";"145";S. GIUSEPPE_S. CHIARA;Metallo 4 posti;"4";;"2022";"2";"8";145.jpg;"2450";"1";;;Rastr_tradizionale;
"LINESTRING (664456.12592508 5103609.0256199,664454.893092879 5103609.447746)";"146";S. GIUSEPPE_S. CHIARA;Metallo 4 posti;"4";;"2022";"1";"4";146.jpg;"2450";"1";;;Rastr_tradizionale;
"LINESTRING (664451.685527663 5103610.60939419,664447.812520945 5103612.08015624)";"147";S. GIUSEPPE_S. CHIARA;Metallo 4 posti;"4";;"2022";"3";"12";147.jpg;"2450";"1";;;Rastr_tradizionale;
"LINESTRING (664445.076290724 5103613.04227974,664443.458452475 5103613.61832821)";"148";S. GIUSEPPE-S. CHIARA;Metallo 4 posti;"4";;"2022";"2";"8";148.jpg;"2450";"1";;;Rastr_tradizionale;
"LINESTRING (664590.825748625 5103764.72021091,664586.395071275 5103767.2828539)";"149";S. GIUSPPE_S. CHIARA;Metallo 4 posti;"4";;"2022";"3";"12";149.jpg;"1400";"1";;;Rastr_tradizionale;
"LINESTRING (664585.889500167 5103757.37306174,664581.795879142 5103759.94689532)";"150";S. GIUSEPPE_S. CHIARA;Metallo 4 posti;"4";;"2022";"3";"12";150.jpg;"1400";"1";;;Rastr_tradizionale;
"LINESTRING (663946.207556656 5105779.91697333,663946.930369654 5105779.94028987)";"154";CENTRO STORICO_PIEDICASTELLO;Rotonda 5 posti;"5";;"2022";"1";"5";154.jpg;"2495";"60";;;Rastr_tradizionale;
"LINESTRING (663378.698800195 5102978.25881621,663378.605534001 5102973.96857132)";"168";S. GIUSEPPE_S. CHIARA;Michelin;"9";;"2022";"1";"9";168.jpg;"4067";;;;Rastr_tradizionale;
"LINESTRING (663376.460411554 5102843.39590062,663376.367145361 5102840.31811624)";"169";S. GIUSEPPE_S. CHIARA;Michelin;"9";;"2022";"1";"9";169.jpg;"4067";;;;Rastr_tradizionale;
"LINESTRING (664300.41445089 5103105.10010072,664301.403360196 5103103.47167098)";"263";S. GIUSEPPE_S. CHIARA;Metallo 4 posti;"4";;"2022";"1";"4";263.jpg;"3350";"15";;;Rastr_tradizionale;
"LINESTRING (663340.139308594 5107757.97960575,663350.287566503 5107758.71498676)";"216";GARDOLO;Pedrolli;"18";;"2022";"1";"18";216.jpg;"5290";"15";"1";"SCUOLA SECONDARIA ""S. PEDROLLI""";Rastr_tradizionale;SCUOLA
"LINESTRING (663219.582784613 5107863.13908987,663222.671384846 5107866.63214966)";"222";GARDOLO;Rotonda 6 posti;"6";;"2022";"2";"12";222.jpg;"5290";"42";"1";SCUOLA PRIMARIA PIGARELLI;Rastr_tradizionale;SCUOLA
"LINESTRING (663747.290949188 5103713.83982352,663747.315461889 5103713.0309044)";"119";S. GIUSEPPE_S. CHIARA;Metallo 4 posti;"4";;"2022";"1";"4";119.jpg;"1220";"29";;;Rastr_tradizionale;
"LINESTRING (663873.560466869 5104834.26481724,663874.393898695 5104834.70604585)";"194";CENTRO STORICO_PIEDICASTELLO;Metallo 5 posti;"5";;"2022";"1";"5";195.jpg;"100";"28";;;Rastr_tradizionale;
"LINESTRING (663811.025150483 5104906.23997156,663811.252598349 5104907.18423703)";"195";CENTRO STORICO_PIEDICASTELLO;Metallo 4 posti;"4";;"2022";"1";"4";195.jpg;"1970";"3";;;Rastr_tradizionale;
"LINESTRING (663827.951523041 5104907.10430751,663828.319213552 5104906.60179714)";"196";CENTRO STORICO_PIEDICASTELLO;Metallo 4 posti;"4";;"2022";"1";"4";196.jpg;"100";"18";"1";;Rastr_tradizionale;
"LINESTRING (663767.209050589 5105010.54790466,663768.483711028 5105009.27324422)";"197";CENTRO STORICO_PIEDICASTELLO;Metallo 5 posti;"5";;"2022";"1";"5";197.jpg;"2070";"3";;;Rastr_tradizionale;
"LINESTRING (663754.903674814 5105007.45930437,663755.639055837 5105009.12616802)";"198";CENTRO STORICO_PIEDICASTELLO;Metallo 5 posti;"5";;"2022";"1";"5";198.jpg;"2070";"3";;;Rastr_tradizionale;
"LINESTRING (663107.542208558 5106285.93576711,663111.464240677 5106271.81645148)";"199";CENTRO STORICO_PIEDICASTELLO;Maccani;"10";;"2022";"3";"30";199.jpg;"1570";"146";;UFFICI COMUNALI;Rastr_tradizionale;
"LINESTRING (663176.64649204 5104110.01563912,663175.911111032 5104108.83902951)";"203";CENTRO STORICO_PIEDICASTELLO;Metallo 4 posti;"4";;"2022";"2";"8";203.jpg;"960";"5";;;Rastr_tradizionale;
"LINESTRING (663449.607665816 5104145.52841363,663449.239975312 5104146.55794704)";"206";CENTRO STORICO_PIEDICASTELLO;Metallo 4 posti;"4";;"2022";"1";"4";206.jpg;"2400";"4";;MUSEO GALLERIE PIEDICASTELLO;Rastr_tradizionale;
"LINESTRING (663449.230783049 5104146.70502323,663449.010168747 5104147.40363519)";"207";CENTRO STORICO_PIEDICASTELLO;Metallo 4 posti;"4";;"2022";"1";"4";207.jpg;"2400";"4";;MUSEO GALLERIE PIEDICASTELLO;Rastr_tradizionale;
"LINESTRING (663448.973399697 5104147.44040424,663448.734400869 5104148.2860924)";"208";CENTRO STORICO_PIEDICASTELLO;Metallo 5 posti;"5";;"2022";"1";"5";208.jpg;"2400";"4";;MUSEO GALLERIE PIEDICASTELLO;Rastr_tradizionale;
"LINESTRING (663448.716016344 5104148.32286145,663448.477017516 5104149.15016508)";"209";CENTRO STORICO_PIEDICASTELLO;Metallo 4 posti;"4";;"2022";"1";"4";209.jpg;"2400";"4";;MUSEO GALLERIE PIEDICASTELLO;Rastr_tradizionale;
"LINESTRING (663317.340043299 5107109.62115771,663317.400104976 5107108.66634275)";"214";GARDOLO;Metallo 4 posti;"4";;"2022";"1";"4";214.jpg;"5290";"103";;;Rastr_tradizionale;
"LINESTRING (664822.63658861 5102503.73444012,664825.176588613 5102504.58110679)";"228";OLTREFERSINA;Metallo 4 posti;"4";;"2022";"1";"4";228.jpg;"1160";"48";;;Rastr_tradizionale;
"LINESTRING (664806.708671928 5102498.17819011,664809.248671931 5102499.02485678)";"229";OLTREFERSINA;Metallo 4 posti;"4";;"2022";"1";"4";229.jpg;"1160";"4";;;Rastr_tradizionale;
"LINESTRING (663311.749125206 5107791.38482453,663317.59641688 5107792.04628286)";"459";GARDOLO;Archetto;"2";;"2024";"6";"12";459.JPG;"5290";;;"SCUOLA SECONDARIA ""PEDROLLI""";Rastr_bloccatelaio;SCUOLA
"LINESTRING (664959.767708322 5102662.14729165,664961.672708324 5102662.25312498)";"248";OLTREFERSINA;Metallo 4 posti;"4";;"2022";"1";"4";248.jpg;"1850";"9";;"OSPEDALE ""S. CHIARA""";Rastr_tradizionale;
"LINESTRING (664260.282134666 5103276.76776103,664260.917134667 5103272.48151103)";"254";S. GIUSEPPE_S. CHIARA;Metallo 5 posti;"5";;"2022";"3";"15";254.jpg;"3350";"79";;;Rastr_tradizionale;
"LINESTRING (663742.167794732 5103707.72390468,663742.290358236 5103706.8782165)";"177";CENTRO STORICO_PIEDICASTELLO;Gar 6 posti;"6";;"2022";"1";"6";177.jpg;"1220";"14";;FACOLTA' LETTERE;Rastr_bloccatelaio;SCUOLA
"LINESTRING (663653.103333541 5107383.43958322,663653.262083541 5107380.84666655)";"464";GARDOLO;Arco;"4";;"2024";"1";"4";464.JPG;"5470";;;;Rastr_tradizionale;
"LINESTRING (663653.791250208 5107376.82499988,663654.055833542 5107374.44374988)";"465";GARDOLO;Arco;"4";;"2024";"1";"4";465.JPG;"5470";;;;Rastr_tradizionale;
"LINESTRING (664355.294009767 5103025.83692743,664357.542968103 5103027.0804691)";"264";S. GIUSEPPE_S. CHIARA;Metallo 3 posti;"3";;"2022";"2";"6";264.jpg;"3350";"49";;;Rastr_tradizionale;
"LINESTRING (664367.550173962 5103009.6904223,664369.677434038 5103011.57222929)";"265";S. GIUSEPPE_S. CHIARA;Metallo 4 posti;"4";;"2022";"2";"8";265.jpg;"3350";"49";;;Rastr_tradizionale;
"LINESTRING (664456.854188304 5102917.89096825,664458.163271428 5102918.66823636)";"266";S. GIUSEPPE_S. CHIARA;Metallo 4 posti;"4";;"2022";"2";"8";266.jpg;"1890";"2";;;Rastr_tradizionale;
"LINESTRING (664234.146421892 5102980.03150778,664236.150955425 5102979.54060161)";"268";S. GIUSEPPE_S. CHIARA;Metallo 4 posti;"4";;"2022";"1";"4";268.jpg;"2330";"161";;;Rastr_tradizionale;
"LINESTRING (664241.356606284 5102980.59400443,664242.952051341 5102981.20763715)";"267";S. GIUSEPPE-S. CHIARA;Metallo 4 posti;"4";;"2022";"2";"8";267.jpg;"2330";"161";;;Rastr_tradizionale;
"LINESTRING (664408.530612059 5103178.08146629,664411.230596002 5103179.26782287)";"271";S. GIUSEPPE_S. CHIARA;Metallo 4 posti;"4";;"2022";"3";"12";271.jpg;"2370";"3";;;Rastr_tradizionale;
"LINESTRING (664526.061731254 5102974.00767996,664528.925350587 5102976.13494004)";"272";S. GIUSEPPE_S. CHIARA;Metallo 4 posti;"4";;"2022";"2";"8";272.jpg;"1890";"7";;;Rastr_tradizionale;
"LINESTRING (664290.947343033 5103287.13942771,664290.841509699 5103289.25609438)";"255";S. GIUSEPPE_S. CHIARA;Rotonda 9 posti;"9";;"2022";"1";"9";255.jpg;"2950";"65";;"AUDITORIUM ""S. CHIARA""";Rastr_tradizionale;
"LINESTRING (664291.0796347 5103291.53151105,664291.926301367 5103293.11901105)";"256";S. GIUSEPPE_S. CHIARA;Rotonda 7 posti;"7";;"2022";"1";"7";256.jpg;"2950";"65";;"AUDITORIUM ""S. CHIARA""";Rastr_tradizionale;
"LINESTRING (663424.318333002 5103862.62249869,663429.609999674 5103863.25749869)";"462";CENTRO STORICO-PIEDICASTELLO;Metallo 4 posti;"4";;"2024";"1";"4";462.JPG;"2850";"4";;;Rastr_tradizionale;
"LINESTRING (663647.123958228 5107383.3006272,663647.097499895 5107381.28979386)";"463";GARDOLO;Arco;"4";;"2021";"1";"4";463.JPG;"5470";;;;Rastr_tradizionale;
"LINESTRING (663651.304166872 5107372.59166654,663653.156250207 5107373.12083321)";"466";GARDOLO;Arco;"4";;"2024";"1";"4";466.JPG;"5470";;;;Rastr_tradizionale;
"LINESTRING (663647.600000202 5107371.63916654,663649.505000204 5107372.32708321)";"467";GARDOLO;Arco;"4";;"2024";"1";"4";467.JPG;"5470";;;;Rastr_tradizionale;
"LINESTRING (663627.888541848 5107387.19666655,663628.258958515 5107385.34458322)";"468";GARDOLO;Argentario;"2";;"2024";"2";"4";468.JPG;"5470";;;;Rastr_bloccatelaio;
"LINESTRING (663625.242708512 5107393.59958323,663625.507291846 5107391.21833322)";"469";GARDOLO;Argentario;"2";;"2024";"3";"6";469.JPG;"5470";;;;Rastr_bloccatelaio;
"LINESTRING (664928.4158602 5106087.46085835,664932.652553326 5106087.5694915)";"470";MARTIGNANO;Archetto;"2";;"2024";"4";"8";470.JPG;"6485";;;;Rastr_bloccatelaio;
"LINESTRING (664958.464426028 5106174.02276394,664962.318994235 5106172.77935484)";"460";MARTGIGNANO;Archetto;"2";;"2024";"4";"8";460.JPG;"6485";;;;Rastr_bloccatelaio;
"LINESTRING (664306.584218049 5103269.33296935,664306.90171805 5103267.69255268)";"262";S. GIUSEPPE_S. CHIARA;Rotonda 6 posti;"6";;"2022";"1";"6";262.jpg;"2950";"67";;"AUDITORIUM ""S. CHIARA""";Rastr_tradizionale;
"LINESTRING (664661.218845237 5103382.20070727,664664.165840665 5103381.77582934)";"275";S. GIUSEPPE_S. CHIARA;Metallo 4 posti;"4";;"2022";"2";"8";275.jpg;"2730";"6";;;Rastr_tradizionale;
"LINESTRING (664928.667211789 5103227.3442553,664929.750931935 5103227.48685006,664930.834652082 5103228.11426699)";"278";S. GIUSEPPE_S. CHIARA;Metallo 4 posti;"4";;"2022";"2";"8";278.jpg;"3360";"1";;;Rastr_tradizionale;
"LINESTRING (664634.95053315 5103069.74853086,664635.321279516 5103070.17631512)";"279";S. GIUSEPPE_S. CHIARA;Pietra 3 posti;"3";;"2022";"1";"3";279.jpg;"1890";"27";;;Rastr_tradizionale;
"LINESTRING (663084.223645746 5107225.09187391,663084.620520747 5107223.71604057)";"246";GARDOLO;Metallo 5 posti;"5";;"2022";"1";"5";246.jpg;"5260";"34";;BOCCIODROMO;Rastr_tradizionale;
"LINESTRING (663082.556770745 5107232.65895725,663082.953645745 5107231.28312391)";"247";GARDOLO;Metallo 5 posti;"5";;"2022";"1";"5";247.jpg;"5260";"34";;BOCCIODROMO;Rastr_tradizionale;
"LINESTRING (663713.46630144 5107468.66120223,663714.418801441 5107470.19578557)";"285";GARDOLO;Metallo 5 posti;"5";;"2022";"1";"5";285.jpg;"5595";"10";;;Rastr_tradizionale;
"LINESTRING (661631.142549235 5109575.08849614,661632.412549236 5109576.41141281)";"287";GARDOLO;Sportiva;"6";;"2022";"1";"6";287.jpg;"5530";"40";;CAMPO SPORTIVO;Rastr_tradizionale;
"LINESTRING (661635.059488665 5109570.75553275,661637.577047859 5109573.02945718)";"288";GARDOLO;Sportiva;"6";;"2022";"1";"6";288.jpg;"5530";"40";;CAMPO SPORTIVO;Rastr_tradizionale;
"LINESTRING (661638.104923174 5109590.97721789,661639.12006801 5109589.79964988)";"289";GARDOLO;Sportiva;"6";;"2022";"1";"6";289.jpg;"5530";"40";;CAMPO SPORTIVO;Rastr_tradizionale;
"LINESTRING (661652.560585642 5109596.90566373,661653.859971033 5109595.32203779)";"290";GARDOLO;Sportiva;"6";;"2022";"1";"6";290.jpg;"5530";"40";;CAMPO SPORTIVO;Rastr_tradizionale;
"LINESTRING (661653.94118262 5109595.03779723,661655.159356423 5109593.77901763)";"291";GARDOLO;Sportiva;"6";;"2022";"1";"6";291.jpg;"5530";"40";;CAMPO SPORTIVO;Rastr_tradizionale;
"LINESTRING (663808.971852671 5105117.76179969,663810.311843855 5105118.49270398)";"295";CENTRO STORICO_PIEDICASTELLO;Arco;"10";;"2022";"1";"10";295.jpg;"3511";"5";;CAMPO SPORTIVO CAMPO CONI;Rastr_tradizionale;
"LINESTRING (663810.46411558 5105118.59421846,663811.367594484 5105119.16269957)";"296";CENTRO STORICO_PIEDICASTELLO;Arco;"10";;"2022";"1";"10";296.jpg;"3511";"5";;CAMPO SPORTIVO CAMPO CONI;Rastr_tradizionale;
"LINESTRING (663799.429491208 5105137.11046028,663800.201001284 5105135.89228647)";"297";CENTRO STORICO_PIEDICASTELLO;A pavimento 5 posti;"5";;"2022";"1";"5";297.jpg;"3511";"5";;CAMPO SPORIVO CAMPO CONI;Rastr_tradizionale;
"LINESTRING (664278.527096616 5103714.20224658,664278.892548757 5103712.13135111)";"300";ZTL;Metallo 4 posti;"4";;"2022";"3";"12";300.jpg;"1710";"53";;;Rastr_tradizionale;
"LINESTRING (663277.829842645 5108131.75995294,663278.385467646 5108132.02453627)";"286";GARDOLO;2 posti doppia;"4";;"2022";"1";"4";286.jpg;"5480";"7";;;Rastr_tradizionale;
"LINESTRING (663771.736340076 5105382.38975562,663772.792090706 5105382.99884252)";"292";CENTRO STORICO_PIEDICASTELLO;Rotonda 6 posti;"6";;"2022";"1";"6";292.jpg;"1480";;;SCUOLA PRIMARIA A. SCHMIDT;Rastr_tradizionale;SCUOLA
"LINESTRING (663772.223609597 5105272.91653648,663769.990290957 5105271.86078585)";"293";CENTRO STORICO_PIEDICASTELLO;Rotonda 4 posti;"4";;"2022";"2";"8";293.jpg;"3660";"3";;"SCUOLA INFANZIA CRISTO RE ""PICCOLO PRINCIPE""";Rastr_tradizionale;SCUOLA
"LINESTRING (663701.838558719 5106300.68661976,663703.284661782 5106301.4501819)";"298";CENTRO STORICO_PIEDICASTELLO;Verona 90;"6";VIA DEL BRENNERO - nr. posti 6;"2022";"1";"6";298.jpg;"400";"312";;UFFICI COMUNALI TOP CENTER;Rastr_bloccatelaio;
"LINESTRING (663703.478005804 5106301.55977529,663704.853072379 5106302.44489287)";"62";CENTRO STORICO_PIEDICASTELLO;Verona 90;"6";VIA DEL BRENNERO - nr. posti 6;"2022";"1";"6";62.jpg;"400";"312";;UFFICI COMUNALI TOP CENTER;Rastr_bloccatelaio;
"LINESTRING (663703.823641726 5106304.70938189,663704.507436456 5106303.22389679)";"61";CENTRO STORICO_PIEDICASTELLO;Verona 90;"6";VIA DEL BRENNERO - nr. posti 6;"2022";"1";"6";61.jpg;"400";"312";;UFFICI COMUNALI TOP CENTER;Rastr_bloccatelaio;
"LINESTRING (663750.621327481 5105276.4898463,663751.230414383 5105275.35288408)";"294";CENTRO STORICO_PIEDICASTELLO;Bronzetti 5 posti;"5";;"2022";"1";"5";294.jpg;"3660";"3";;"SCUOLA INFANZIA CRISTO RE ""PICCOLO PRINCIPE""";Rastr_tradizionale;SCUOLA
"LINESTRING (664596.431525174 5103704.30982118,664599.121445313 5103703.66936401)";"471";S. GIUSEPPE - S.CHIARA;Archetto;"2";;"2024";"3";"6";471.JPG;"1400";"12";;;Rastr_bloccatelaio;
"LINESTRING (664659.626313714 5103674.51532919,664657.426397148 5103668.24322664)";"473";S. GIUSEPPE - S.CHIARA;Archetto;"2";;"2024";"5";"10";473.JPG;"450";"4";;;Rastr_bloccatelaio;
"LINESTRING (664683.919009405 5103671.23885771,664693.280356492 5103665.80927639)";"474";S. GIUSEPPE - S.CHIARA;Archetto;"2";;"2024";"12";"24";474.JPG;"1400";"36";;;Rastr_bloccatelaio;
"LINESTRING (664612.859251736 5103699.95471239,664609.721011574 5103700.78730671)";"472";S. GIUSEPPE - S.CHIARA;Archetto;"2";;"2024";"3";"6";472.JPG;"1400";"18";;;Rastr_bloccatelaio;
"LINESTRING (665179.876535294 5103490.8014136,665184.326427573 5103494.8092636)";"277";S. GIUSEPPE_S. CHIARA;Archetto;"2";;"2024";"9";"18";277.jpg;"3360";"25";;;Rastr_bloccatelaio;
"LINESTRING (665175.087743934 5103472.98710974,665178.535673713 5103476.74446912)";"276";S. GIUSEPPE_S. CHIARA;Archetto;"2";;"2024";"5";"10";276.jpg;"3360";"25";;;Rastr_bloccatelaio;
"LINESTRING (664481.028188534 5102815.18997967,664482.246362338 5102813.80938269)";"306";S. GIUSEPPE_S. CHIARA;Metallo 4 posti;"4";;"2022";"2";"8";306.jpg;"190";"18";;FARMACIE COMUNALI;Rastr_tradizionale;
"LINESTRING (663705.944803224 5102135.8956611,663710.167805743 5102137.92595077)";"307";S. GIUSEPPE_S. CHIARA;Con gancio 7 posti;"7";;"2022";"2";"14";307.jpg;"3822";"3";;UFFICI COMUNALI MASO SMALZ;Rastr_bloccatelaio;
"LINESTRING (663705.863591637 5102135.65202634,663703.508455617 5102135.00233364)";"308";S. GIUSEPPE_S. CHIARA;Androna;"4";;"2022";"1";"4";308.jpg;"3822";"3";;UFFICI COMUNALI MASO SMALZ;Rastr_tradizionale;
"LINESTRING (664592.176396646 5101991.42024802,664595.587283296 5101990.77055532)";"315";OLTREFERSINA;Bronzetti 7 posti;"7";;"2022";"1";"7";315.jpg;"780";"2";"1";UFFICI COMUNALI;Rastr_tradizionale;
"LINESTRING (664233.958334788 5103690.63179643,664236.861620956 5103691.12950263)";"274";ZTL;Metallo 4 posti;"4";;"2022";"1";"4";274.jpg;"3490";"6";;;Rastr_tradizionale;
"LINESTRING (664600.459978509 5101986.70997598,664605.007827375 5101985.41059059)";"316";OLTREFERSINA;Bronzetti 7 posti;"7";;"2022";"1";"7";316.jpg;"780";"2";"1";UFFICI COMUNALI;Rastr_tradizionale;
"LINESTRING (662197.957300546 5103219.78610557,662198.505478757 5103219.6236824)";"317";SARDAGNA;Metallo 3 posti;"3";;"2022";"1";"3";317.jpg;"8603";"1";;UFFICI COMUNALI;Rastr_tradizionale;
"LINESTRING (664291.681755566 5100760.29960007,664291.681755566 5100761.83304544)";"324";OLTREFERSINA;A pavimento 5 posti;"5";;"2022";"1";"5";324.jpg;"1120";"11";;"PALAZZETTO DELLO SPORT ""BLM GROUP ARENA""";Rastr_tradizionale;
"LINESTRING (664721.911480259 5101572.5144989,664724.034712313 5101573.69407226)";"319";OLTREFERSINA;Arco;"6";;"2022";"1";"6";319.jpg;"4068";;;GIARDINO;Rastr_tradizionale;
"LINESTRING (664307.479027344 5102832.04138395,664310.889913993 5102833.5844041)";"303";S. GIUSEPPE_S. CHIARA;Bronzetti 5 posti;"5";;"2022";"2";"10";303.jpg;"3510";"61";;"SCUOLA SECONDARIA ""BRONZETTI-SEGANTINI""";Rastr_tradizionale;SCUOLA
"LINESTRING (664312.02687621 5102833.82803886,664314.950493338 5102834.88378949)";"304";S. GIUSEPPE_S. CHIARA;Bronzetti 5 posti;"5";;"2022";"1";"5";304.jpg;"3510";"61";;"SCUOLA SECONDARIA ""BRONZETTI-SEGANTINI""";Rastr_tradizionale;SCUOLA
"LINESTRING (664347.908085881 5101567.08846143,664349.874041486 5101568.66122591)";"318";OLTREFERSINA;Volta;"4";;"2022";"1";"4";318.jpg;"3525";;;PARCO;Rastr_tradizionale;
"LINESTRING (664647.696656155 5100084.5908287,664650.920823348 5100087.97227235)";"326";OLTREFERSINA;Con gancio doppia;"5";;"2022";"4";"20";326.jpg;"2540";;;PIAZZALE;Rastr_bloccatelaio;
"LINESTRING (664181.097788783 5103673.75126114,664205.125729607 5103679.07218403)";"25";ZTL;Metallo 4 posti;"4";VIA CALEPINA - nr. posti 60;"2022";"15";"60";25.jpg;"530";"13";;CAMERA DI COMMERCIO;Rastr_tradizionale;
"LINESTRING (664117.44675678 5103721.14322432,664117.968634227 5103719.02917839)";"334";CENTRO STORICO_PIEDICASTELLO;Verona 90;"6";;"2022";"1";"6";334.jpg;"1230";"8";;;Rastr_bloccatelaio;
"LINESTRING (665120.508979262 5100694.15502373,665120.666255711 5100691.55996233)";"327";OLTREFERSINA;Bronzetti 7 posti;"7";;"2022";"1";"7";327.jpg;"3803";"4";;"SUOLA PRIMARIA ""MADONNA BIANCA""";Rastr_tradizionale;SCUOLA
"LINESTRING (664117.022178518 5103723.12458955,664117.44675678 5103721.14322432)";"335";CENTRO STORICO_PIEDICASTELLO;Verona 90;"6";;"2022";"1";"6";335.jpg;"1230";"8";;;Rastr_bloccatelaio;
"LINESTRING (664116.691950981 5103725.05877941,664117.022178518 5103723.12458955)";"333";CENTRO STORICO_PIEDICASTELLO;Verona 90;"6";;"2022";"1";"6";333.jpg;"1230";"8";;;Rastr_bloccatelaio;
"LINESTRING (663875.436533294 5103648.52274692,663875.472566062 5103646.8056402)";"332";CENTRO STORICO-PIEDICASTELLO;Metallo 4 posti;"4";;"2022";"3";"12";332.jpg;"2670";"40";;;Rastr_tradizionale;
"LINESTRING (664438.568759368 5103956.99418558,664438.938119499 5103956.44014538)";"336";S. GIUSEPPE_S. CHIARA;2 posti doppia;"4";;"2022";"1";"4";336.JPG;"1750";"5";;;Rastr_tradizionale;
"LINESTRING (664115.099623086 5101212.54802755,664117.301493364 5101212.62666577)";"320";OLTREFERSINA;Androna;"4";;"2022";"2";"8";320.jpg;"1120";"21";;"CIRCOLO TENNIS ""ATA BATTISTI""";Rastr_tradizionale;
"LINESTRING (664297.304388598 5100755.38471106,664297.383026822 5100759.47389872)";"321";OLTREFERSINA;Pietra 1 posto;"1";;"2022";"12";"12";321.jpg;"1120";"11";;"PALAZZETTO DELLO SPORT ""BLM GROUP ARENA""";Rastr_tradizionale;
"LINESTRING (664291.603117342 5100754.28377592,664291.56379823 5100756.13177419)";"322";OLTREFERSINA;A pavimento 5 posti;"5";;"2022";"1";"5";322.jpg;"1120";"11";;"PALAZZETTO DELLO SPORT ""BLM GROUP ARENA""";Rastr_tradizionale;
"LINESTRING (664291.681755566 5100756.99679465,664291.603117342 5100759.55253694)";"323";OLTREFERSINA;A pavimento 7 posti;"7";;"2022";"1";"7";323.jpg;"1120";"11";;"PALAZZETTO DELLO SPORT ""BLM GROUP ARENA""";Rastr_tradizionale;
"LINESTRING (664316.168667141 5102835.20863584,664328.187982001 5102839.59406153)";"305";S. GIUSEPPE_S. CHIARA;Bronzetti 7 posti;"7";;"2022";"3";"21";305.jpg;"3510";"61";;"SCUOLA SECONDARIA ""BRONZETTI-SEGANTINI""";Rastr_tradizionale;SCUOLA
"LINESTRING (664321.838204701 5103435.06974554,664321.886779953 5103436.08982583)";"280";S. GIUSEPPE_S. CHIARA;Bronzetti 5 posti;"5";;"2022";"2";"10";280.jpg;"2290";"1";;"CONSERVATORIO MUSICA ""F.A. BONPORTI""";Rastr_tradizionale;SCUOLA
"LINESTRING (664325.386182253 5102785.38532728,664322.706199886 5102784.28897086)";"301";S. GIUSEPPE_S. CHIARA;Bronzetti 7 posti;"7";;"2022";"3";"21";301.jpg;"3510";"61";;"SCUOLA SECONDARIA ""BRONZETTI-SEGANTINI""";Rastr_tradizionale;SCUOLA
"LINESTRING (664322.462565125 5102784.12654768,664321.203785529 5102783.59867237)";"302";S. GIUSEPPE_S. CHIARA;Bronzetti 7 posti;"7";;"2022";"1";"7";302.jpg;"3510";"61";;"SCUOLA SECONDARIA ""BRONZETTI-SEGANTINI""";Rastr_tradizionale;SCUOLA
"LINESTRING (664735.220455511 5102450.83419507,664742.854344679 5102453.1081195)";"309";OLTREFERSINA;Archetto;"2";;"2022";"8";"16";309.jpg;"1160";"2";;"SCUOLA PRIMARIA ""A. NICOLODI""";Rastr_bloccatelaio;SCUOLA
"LINESTRING (664744.60655253 5102453.72287496,664747.84269854 5102454.84850007)";"310";OLTREFERSINA;Bronzetti 5 posti;"5";;"2022";"1";"5";310.jpg;"1160";"2";;"SCUOLA PRIMARIA ""A. NICOLODI""";Rastr_tradizionale;SCUOLA
"LINESTRING (664716.216944178 5102445.23059558,664723.850833346 5102447.50452001)";"311";OLTREFERSINA;Archetto;"2";;"2022";"8";"16";311.jpg;"1160";"2";;"SCUOLA PRIMARIA ""A. NICOLODI""";Rastr_bloccatelaio;SCUOLA
"LINESTRING (664522.023709525 5102014.88254322,664523.975990826 5102014.93094344)";"312";OLTREFERSINA;4 posti doppia;"4";;"2022";"2";"8";312.jpg;"1050";"13";;"SCUOLA PRIMARIA ""CLARINA""";Rastr_tradizionale;SCUOLA
"LINESTRING (663774.056424974 5105147.01693719,663776.971163638 5105141.90158425)";"461";CENTRO STORICO-PIEDICASTELLO;Archetto;"2";;"2024";"8";"16";461.JPG;"3511";;;;Rastr_bloccatelaio;
"LINESTRING (664066.146038649 5101061.2370841,664066.055288649 5101057.5617091)";"475";OLTREFERSINA;Archetto;"2";;"2024";"5";"10";475.jpg;"1120";"17";;;Rastr_bloccatelaio;
"LINESTRING (663788.431041658 5104828.50312496,663786.711249989 5104822.15312495)";"476";CENTRO STORICO-PIEDICASTELLO;Archetto;"2";;"2024";"5";"10";476.JPG;"1970";"11";;;Rastr_bloccatelaio;
"LINESTRING (663711.437291578 5104269.50468688,663716.133645749 5104267.85104105)";"477";CENTRO STORICO-PIEDICASTELLO;Archetto;"2";;"2024";"5";"10";477.JPG;"500";"2";;;Rastr_bloccatelaio;
"LINESTRING (664455.322760477 5104340.16953127,664453.437604225 5104339.34270835)";"480";CENTRO STORICO-PIEDICASTELLO;Archetto;"2";;"2024";"4";"8";480.JPG;"3290";"31";;;Rastr_bloccatelaio;
"LINESTRING (663719.976145824 5104395.98828138,663724.771718745 5104394.59921888)";"478";CENTRO STORICO-PIEDICASTELLO;Archetto;"2";;"2024";"5";"10";478.JPG;"1460";"1";;;Rastr_bloccatelaio;
"LINESTRING (664543.216470599 5104012.90505882,664542.587529422 5103995.71399999)";"482";CENTRO STORICO-PIEDICASTELLO;Archetto;"2";;"2024";"12";"24";478.JPG;"3400";"39";;;Rastr_bloccatelaio;
"LINESTRING (664074.845066177 5102820.81672794,664076.309279412 5102816.15167647)";"483";S. GIUSEPPE - S.CHIARA;Archetto;"2";;"2024";"5";"10";479.JPG;"460";"17";;;Rastr_bloccatelaio;
"LINESTRING (664269.486041547 5103129.83307176,664268.526926963 5103134.72786343)";"481";S. GIUSEPPE - S.CHIARA;Archetto;"2";;"2024";"4";"8";481.JPG;"3350";"38";;;Rastr_bloccatelaio;
"LINESTRING (663842.77081065 5104358.48510465,663834.767164808 5104360.60177132)";"479";CENTRO STORICO-PIEDICASTELLO;Archetto;"2";;"2024";"8";"16";479.JPG;"1460";"16";;;Rastr_bloccatelaio;
"LINESTRING (663719.792289271 5104391.74051516,663734.870365726 5104387.36300909)";"484";CENTRO STORICO-PIEDICASTELLO;Archetto;"2";;"2024";"15";"30";484.JPG;"1460";"3";;"SCUOLA SECONDARIA ""A. MANZONI""";Rastr_bloccatelaio;
"LINESTRING (664928.015605096 5100690.23120621,664928.085187102 5100688.56123806)";"485";OLTREFERSINA;Archetto;"2";;"2024";"3";"6";485.JPG;"1760";"28";;;Rastr_bloccatelaio;
"LINESTRING (664949.377281051 5100735.87700239,664950.421011147 5100733.37205016)";"486";OLTREFERSINA;Archetto;"2";;"2024";"3";"6";486.JPG;"1870";;;;Rastr_bloccatelaio;
"LINESTRING (664174.405416649 5104696.56208336,664173.717499982 5104695.13333336)";"487";CENTRO STORICO-PIEDICASTELLO;Archetto;"2";;"2024";"4";"8";487.JPG;"4056";;;;Rastr_bloccatelaio;
